Day,T,TM,Tm,SLP,H,PP,VV,V,VM,VG,RA,SN,TS,FG,year,month
1,14.9,21.6,8.8,1017.4,76,0,0.8,0.9,7.6,-,,,,o,2015,1
2,14.7,21.6,10.2,1018.1,97,5.08,0.6,3.1,9.4,-,o,,,,2015,1
3,15,16.8,13.6,1017.5,94,7.11,0.5,0.9,7.6,-,o,,,o,2015,1
4,,,,,,,,,,,,,,o,2015,1
5,,,,,,,,,,,,,,,2015,1
6,,,,,,,,,,,,,,o,2015,1
7,9.8,17.6,6.4,1016.6,90,0,0.5,3.9,11.1,-,,,,o,2015,1
8,10.1,14.5,7.2,1019.2,90,0,0.3,3.3,7.6,-,,,,o,2015,1
9,10.5,16.3,6.8,1020.1,84,0,0.5,1.5,5.4,-,,,,o,2015,1
10,,,,,,,,,,,,,,o,2015,1
11,,,,,,,,,,,,,,o,2015,1
12,,,,,,,,,,,,,,o,2015,1
13,12.3,18.3,4,1017.1,81,0,0.5,4.8,9.4,-,,,,o,2015,1
14,12.1,18.3,9,1017.5,86,0.51,0.6,5.2,9.4,-,o,,,o,2015,1
15,12.3,19,5.8,1019.3,82,0,0.5,0.9,7.6,-,,,,o,2015,1
16,,,,,,,,,,,,,,o,2015,1
17,,,,,,,,,,,,,,o,2015,1
18,,,,,,,,,,,,,,o,2015,1
19,13.9,21.6,9.4,1019,79,0,1,1.9,14.8,-,,,,o,2015,1
20,13.4,20.7,9.8,1020.1,80,0,0.8,7.2,11.1,-,,,,o,2015,1
21,13.3,17.5,9.5,1021.2,79,-,0.8,3.7,7.6,-,o,,,,2015,1
22,,,,,,,,,,,o,,,,2015,1
23,,,,,,,,,,,,,,o,2015,1
24,,,,,,,,,,,,,,o,2015,1
25,13.1,18.3,8.5,1020.6,80,0,0.8,4.1,14.8,-,,,,o,2015,1
26,13.7,18.3,11.6,1019.9,91,1.02,0.6,0.9,7.6,-,o,,,o,2015,1
27,13.3,18.4,9.8,1019.3,79,0.76,1,5.2,14.8,-,,,,o,2015,1
28,,,,,,,,,,,,,,o,2015,1
29,,,,,,,,,,,,,,o,2015,1
30,,,,,,,,,,,,,,o,2015,1
31,13.8,21.5,7.2,1018,60,0,2.4,9.1,24.1,-,,,,o,2015,1
1,15.1,24,6.7,1017.6,66,0,1.3,5,11.1,-,,,,o,2015,2
2,17.3,23.8,10.4,1017.5,70,0,1,11.9,18.3,-,,,,,2015,2
3,16.7,23.8,13,1020.7,75,0,0.8,7.2,14.8,-,,,,,2015,2
4,,,,,,,,,,,,,,o,2015,2
5,,,,,,,,,,,,,,o,2015,2
6,,,,,,,,,,,,,,o,2015,2
7,15.7,25.6,7.4,1016.9,68,0,1.4,1.9,7.6,-,,,,o,2015,2
8,16.7,25.6,9.3,1017.5,66,0,1.4,4.4,13,-,,,,,2015,2
9,16.9,25.5,10.5,1019.9,65,0,2.3,5.6,22.2,-,,,,,2015,2
10,,,,,,,,,,,,,,o,2015,2
11,,,,,,,,,,,,,,o,2015,2
12,,,,,,,,,,,,,,,2015,2
13,17.2,25.5,9.3,1012.8,61,0,2.4,6.7,20.6,-,,,,o,2015,2
14,19.3,28.6,10.6,1009.5,65,0,2.6,4.3,14.8,-,,,,,2015,2
15,18.9,28.6,11.2,1012.8,73,0,0.8,1.5,7.6,-,,,,o,2015,2
16,,,,,,,,,,,,,,,2015,2
17,,,,,,,,,,,,,,,2015,2
18,,,,,,,,,,,,,,o,2015,2
19,22.9,29.3,17,1012.4,78,0,1.6,7.6,14.8,-,,,,o,2015,2
20,22.8,29.3,18,1013.7,72,2.03,1.9,7.2,14.8,-,,,,,2015,2
21,21.9,29.1,15.2,1014.1,69,0,2.3,11.3,18.3,-,,,,,2015,2
22,,,,,,,,,,,,,,,2015,2
23,,,,,,,,,,,,,,,2015,2
24,,,,,,,,,,,,,,o,2015,2
25,23.2,28.6,18.4,1008.5,65,0,1.4,6.5,13,-,,,,,2015,2
26,20,27.6,14.5,1009.8,42,0,1.9,6.7,11.1,-,,,,,2015,2
27,19.2,27.6,11.1,1013,49,0,2.6,5.7,11.1,-,,,,,2015,2
28,,,,,,,,,,,,,,,2015,2
1,17.3,19,15.2,1011,94,7.87,1.8,14.8,24.1,-,o,,,,2015,3
2,17.4,22.1,14.6,1012.6,92,56.9,1.9,6.7,16.5,-,o,,,,2015,3
3,16.1,22.1,12.8,1013.8,84,7.11,1.8,5.6,13,-,,,,o,2015,3
4,,,,,,,,,,,,,,o,2015,3
5,,,,,,,,,,,,,,,2015,3
6,,,,,,,,,,,,,,,2015,3
7,18.6,27.3,12.5,1014,79,7.87,2.6,3.9,13,-,o,,,,2015,3
8,19.4,27.6,14,1015.2,79,0.51,2.3,7.8,18.3,-,o,,,,2015,3
9,18.1,24.1,13.3,1021.1,60,0,2.7,12.2,20.6,-,,,,,2015,3
10,,,,,,,,,,,,,,,2015,3
11,,,,,,,,,,,,,,,2015,3
12,,,,,,,,,,,,,,,2015,3
13,21.3,28.3,14.2,1014.7,70,0,1.6,4.1,9.4,-,,,,,2015,3
14,21.6,27.3,15.8,1015.3,71,0,2.6,7.8,20.6,-,,,,,2015,3
15,17.7,27.3,16,1015.3,92,4.06,1.9,11.5,18.3,88.9,o,,,,2015,3
16,,,,,,,,,,,,,,,2015,3
17,,,,,,,,,,,,,,,2015,3
18,,,,,,,,,,,,,,,2015,3
19,21.1,28.3,14,1014.8,69,0,2.4,5.4,13,-,,,,,2015,3
20,22.5,30.2,14.5,1014.8,68,0,2.6,9.1,22.2,-,,,,,2015,3
21,24.9,31.7,15.8,1014.8,65,0,2.6,5.9,13,-,,,,,2015,3
22,,,,,,,,,,,,,,,2015,3
23,,,,,,,,,,,,,,,2015,3
24,,,,,,,,,,,,,,,2015,3
25,26.8,35.1,18.5,1011.7,68,0,2.3,2.6,11.1,-,,,,,2015,3
26,28.6,36.5,20.3,1012.4,59,0,1.8,9.3,55.4,-,,,,,2015,3
27,27.7,35.6,20.4,1011.7,54,0,2.7,7.4,24.1,-,,,,,2015,3
28,,,,,,,,,,,,,,,2015,3
29,,,,,,,,,,,o,,o,,2015,3
30,,,,,,,,,,,o,,,,2015,3
31,25.1,30.8,19,1010.4,70,0,2.1,3.7,11.1,-,,,,,2015,3
1,26.4,32.5,20.3,1007.4,64,0,1.9,2.4,9.4,-,,,,,2015,4
2,28.7,34.7,21,1004.7,53,-,1.9,9.4,18.3,-,o,,o,,2015,4
3,24.4,34.7,19,1004.6,76,6.1,3.1,7,14.8,-,o,,o,,2015,4
4,,,,,,,,,,,o,,o,,2015,4
5,,,,,,,,,,,,,,,2015,4
6,,,,,,,,,,,,,,,2015,4
7,23.9,31.4,19.2,1010.2,69,0,1.9,9.8,13,-,o,,,,2015,4
8,25.2,32.2,18.2,1012,56,0,2.6,6.7,16.5,-,,,,,2015,4
9,25.8,32.5,18.6,1010.3,58,0,2.7,9.1,24.1,-,,,,,2015,4
10,,,,,,,,,,,,,,,2015,4
11,,,,,,,,,,,o,,o,,2015,4
12,,,,,,,,,,,o,,,,2015,4
13,24.9,32.2,19,1013.7,74,0,2.3,7,13,-,o,,,,2015,4
14,26.4,32.5,20,1012.8,68,2.03,2.6,3,11.1,-,,,,,2015,4
15,27.6,34.3,20.8,1013,65,0,3.1,5.9,14.8,-,,,,,2015,4
16,,,,,,,,,,,,,,,2015,4
17,,,,,,,,,,,,,,,2015,4
18,,,,,,,,,,,,,,,2015,4
19,32,40.6,21.6,1003.9,45,0,2.7,4.3,9.4,-,,,,,2015,4
20,32.8,40.6,26,1005.8,45,0,1.9,7.2,11.1,-,,,,,2015,4
21,31.8,39.6,25.4,1005.6,35,0,1.9,11.1,27.8,-,,,,,2015,4
22,,,,,,,,,,,,,,,2015,4
23,,,,,,,,,,,,,,,2015,4
24,,,,,,,,,,,,,,,2015,4
25,30.4,39.1,22.2,1005.9,51,0,1.9,13,22.2,-,,,,,2015,4
26,28.8,37.1,22.8,1008,59,0,1.9,15.7,25.9,-,,,,,2015,4
27,30.2,37.1,23.5,1006.7,59,0,1.9,17.6,33.5,-,,,,,2015,4
28,,,,,,,,,,,,,,,2015,4
29,,,,,,,,,,,,,,,2015,4
30,,,,,,,,,,,,,,,2015,4
1,31.2,39.4,24.2,1005.8,52,-,2.7,5.4,14.8,-,o,,,,2015,5
2,30.2,37.6,23.6,1006.3,47,0.25,2.6,4.4,11.1,-,,,,,2015,5
3,30.9,38.9,21.7,1006.7,44,0,2.7,3,11.1,-,,,,,2015,5
4,,,,,,,,,,,,,,,2015,5
5,,,,,,,,,,,,,,,2015,5
6,,,,,,,,,,,,,,,2015,5
7,35.7,42.7,27.6,1003.4,21,0,1.9,14.4,27.8,-,,,,,2015,5
8,34.1,42.7,27,1003.2,29,0,1.9,12.2,27.8,-,,,,,2015,5
9,35.1,42.7,25.7,1001.6,35,0,2.3,8.3,18.3,-,,,,,2015,5
10,,,,,,,,,,,,,,,2015,5
11,,,,,,,,,,,,,,,2015,5
12,,,,,,,,,,,,,,,2015,5
13,28.3,38.7,23.8,1006.5,65,2.03,2.4,7.8,14.8,-,,,,,2015,5
14,29.9,35.9,22,1007.4,56,0,2.6,4.4,11.1,-,,,,,2015,5
15,28.7,35.8,24.2,1006.5,58,0.51,1.9,7,18.3,-,,,,,2015,5
16,,,,,,,,,,,,,,,2015,5
17,,,,,,,,,,,,,,,2015,5
18,,,,,,,,,,,,,,,2015,5
19,31.4,41.5,24.9,1002.2,50,0,1.8,14.8,50,-,o,,,,2015,5
20,33.2,41.5,22.4,1002,38,0,2.4,14.6,22.2,-,,,,,2015,5
21,35.8,42.6,27,1000.4,30,0,2.6,11.3,24.1,-,,,,,2015,5
22,,,,,,,,,,,,,,,2015,5
23,,,,,,,,,,,,,,,2015,5
24,,,,,,,,,,,,,,,2015,5
25,37.8,45.5,28,996.7,29,0,2.6,10.9,22.2,-,,,,,2015,5
26,35.3,45.5,24.4,999.2,33,-,2.3,17,55.4,87,o,,o,,2015,5
27,33.8,45,24.8,1001.3,26,0,2.6,6.7,18.3,-,,,,,2015,5
28,,,,,,,,,,,,,,,2015,5
29,,,,,,,,,,,,,,,2015,5
30,,,,,,,,,,,,,,,2015,5
31,35.3,40.6,28.9,1000.7,30,0,1.9,15.2,27.8,-,,,,,2015,5
1,30.1,40.6,23.5,1002.2,47,0,1.9,14.3,29.4,-,o,,,,2015,6
2,31.6,39.9,22.2,1003.4,46,3.05,1.9,8.5,20.6,-,o,,o,,2015,6
3,28.7,34.1,23.6,1004.3,59,0.51,1.9,6.7,11.1,-,,,,,2015,6
4,,,,,,,,,,,,,,,2015,6
5,,,,,,,,,,,,,,,2015,6
6,,,,,,,,,,,,,,,2015,6
7,35.1,42.5,26,999.4,42,0,2.6,7.2,16.5,-,,,,,2015,6
8,36.3,42.9,27.7,998.7,38,0,2.6,6.3,22.2,-,,,,,2015,6
9,37.6,42.4,30,998.8,32,0,1.9,18.7,27.8,-,,,,,2015,6
10,,,,,,,,,,,,,,,2015,6
11,,,,,,,,,,,,,,,2015,6
12,,,,,,,,,,,,,,,2015,6
13,31.9,41.6,28,998.8,52,0,2.3,9.4,14.8,-,o,,,,2015,6
14,27,39.7,20.5,1000.2,82,25.91,1.9,3.9,13,-,o,,o,,2015,6
15,30.8,34.9,25.5,999.4,66,1.02,1.9,3.1,9.4,-,,,,,2015,6
16,,,,,,,,,,,,,,,2015,6
17,,,,,,,,,,,,,,,2015,6
18,,,,,,,,,,,,,,,2015,6
19,35.9,41.6,29,996.7,54,0,1.9,8.5,18.3,-,,,,,2015,6
20,33,42.3,27.2,997.8,56,0,1.9,13,25.9,-,,,,,2015,6
21,30.4,34.4,25.3,997,70,7.11,1.9,5.6,20.6,-,,,,,2015,6
22,,,,,,,,,,,,,o,,2015,6
23,,,,,,,,,,,,,,,2015,6
24,,,,,,,,,,,o,,,,2015,6
25,26.5,36.8,22.4,994.9,86,21.08,1.8,6.3,11.1,-,o,,,,2015,6
26,31.5,36.8,24,994.7,62,0.25,1.8,11.7,22.2,-,,,,,2015,6
27,32.7,38,27,996.9,56,0,1.9,14.1,29.4,-,,,,,2015,6
28,,,,,,,,,,,,,,,2015,6
29,,,,,,,,,,,o,,,,2015,6
30,,,,,,,,,,,,,,,2015,6
1,31.9,37.8,25,1001.8,61,0,1.9,4.3,9.4,-,,,,,2015,7
2,33.8,38.9,27,1001.1,54,0,1.9,7,13,-,,,o,,2015,7
3,33.4,39.8,27.6,999.7,54,0,1.9,13,25.9,-,,,,,2015,7
4,,,,,,,,,,,,,,,2015,7
5,,,,,,,,,,,,,,,2015,7
6,,,,,,,,,,,o,,,,2015,7
7,28.3,33.6,23.3,998.4,87,10.92,1.9,1.7,7.6,-,,,,,2015,7
8,31.2,35.8,24.8,998.6,77,26.92,1.9,2.8,11.1,-,,,,,2015,7
9,29.7,35.8,25.2,998.9,82,1.02,1.9,2.6,9.4,-,o,,o,,2015,7
10,,,,,,,,,,,o,,,,2015,7
11,,,,,,,,,,,o,,,,2015,7
12,,,,,,,,,,,o,,,,2015,7
13,29.9,33.7,23.3,1000.6,78,7.11,2.6,4.8,11.1,-,,,,,2015,7
14,31.1,35.6,26.4,998.5,73,0,1.9,10.9,18.3,-,,,,,2015,7
15,33.4,37,27,994.1,61,0,1.9,17.2,29.4,-,,,,,2015,7
16,,,,,,,,,,,o,,,,2015,7
17,,,,,,,,,,,o,,,,2015,7
18,,,,,,,,,,,o,,,,2015,7
19,30.1,34.7,26,997.7,76,2.03,1.9,0.7,5.4,-,o,,o,,2015,7
20,29.1,34.7,24.4,999.2,82,3.05,1.9,4.8,11.1,-,o,,o,,2015,7
21,31.5,35.7,25.7,999.9,74,4.06,1.9,8.1,13,-,,,,,2015,7
22,,,,,,,,,,,,,,,2015,7
23,,,,,,,,,,,,,,,2015,7
24,,,,,,,,,,,,,,,2015,7
25,31.3,36.5,27.3,999.3,73,0,2.7,8.7,14.8,-,,,,,2015,7
26,30,36.6,27,998.8,76,6.1,2.6,16.9,25.9,-,,,,,2015,7
27,29.7,34.7,24.6,1000.2,74,4.06,2.7,11.3,18.3,-,,,,,2015,7
28,,,,,,,,,,,,,,,2015,7
29,,,,,,,,,,,,,,,2015,7
30,,,,,,,,,,,,,,,2015,7
31,28.9,31.6,25,999.7,77,0.51,1.9,4.1,14.8,-,o,,,,2015,7
1,28.4,32.6,25.4,1002.7,77,2.03,1.9,0.9,7.6,-,,,,,2015,8
2,29.8,33.9,25,1003.5,75,0.25,1.9,2.6,7.6,-,,,,,2015,8
3,31.6,35.5,25.4,1001.9,63,0,1.9,5.4,11.1,-,,,,,2015,8
4,,,,,,,,,,,o,,,,2015,8
5,,,,,,,,,,,o,,,,2015,8
6,,,,,,,,,,,,,,,2015,8
7,29.4,34.4,26.4,999.9,86,0,1.8,2.2,14.8,-,,,,,2015,8
8,28.8,34.4,25.3,1001.7,88,16,1.6,1.7,7.6,-,,,,,2015,8
9,27.5,30.8,25,1000.2,92,29.97,1.3,3,7.6,-,o,,o,,2015,8
10,,,,,,,,,,,,,,,2015,8
11,,,,,,,,,,,o,,,,2015,8
12,,,,,,,,,,,,,,,2015,8
13,31.9,35.8,28,1001.8,75,0,1.9,0.4,3.5,-,,,,,2015,8
14,30.9,35.8,28.6,1001.8,78,0,1.9,3.3,14.8,-,,,,,2015,8
15,28.5,33.8,26.2,1002.7,88,7.87,1.4,0,-,-,o,,,,2015,8
16,,,,,,,,,,,,,,,2015,8
17,,,,,,,,,,,o,,,,2015,8
18,,,,,,,,,,,o,,o,,2015,8
19,31.6,35.6,25.8,1002.7,67,2.03,2.9,13,22.2,-,,,,,2015,8
20,30.9,35.5,27.7,1001.5,66,0,1.9,14.6,27.8,-,,,,,2015,8
21,29.5,34.5,27.6,1002,77,7.11,1.9,8.5,18.3,-,o,,o,,2015,8
22,,,,,,,,,,,,,,,2015,8
23,,,,,,,,,,,o,,,,2015,8
24,,,,,,,,,,,,,,,2015,8
25,32,35.6,27,1000.9,64,0,3.4,10,20.6,-,,,,,2015,8
26,31.9,36.2,28,1001.1,68,0,2.6,4.8,14.8,-,,,,,2015,8
27,32.4,36.9,28.1,1001.9,68,0,2.7,5.4,11.1,-,,,,,2015,8
28,,,,,,,,,,,,,,,2015,8
29,,,,,,,,,,,,,,,2015,8
30,,,,,,,,,,,,,,,2015,8
31,32.2,36.8,28.4,1002,61,0,2.6,14.6,24.1,-,,,,,2015,8
1,32.1,36.6,28,1000.8,56,0,1.9,15.4,25.9,-,,,,,2015,9
2,31.9,36.6,27.5,1001.7,54,0,1.9,12.8,24.1,-,,,,,2015,9
3,31.4,36.5,27.6,1005.5,56,0,1.9,11.7,25.9,-,,,,,2015,9
4,,,,,,,,,,,,,,,2015,9
5,,,,,,,,,,,,,,,2015,9
6,,,,,,,,,,,,,,,2015,9
7,31.5,36.9,26.6,1005.7,53,0,1.9,9.4,22.2,-,,,,,2015,9
8,31.9,36.9,26.8,1005.8,54,0,2.7,11.9,35.2,-,,,,,2015,9
9,31,36.7,26.4,1005.7,54,0,2.6,10.2,31.7,-,,,,,2015,9
10,,,,,,,,,,,,,,,2015,9
11,,,,,,,,,,,,,,,2015,9
12,,,,,,,,,,,,,,,2015,9
13,32.2,37.9,27.3,1005.8,61,0,1.9,1.3,3.5,-,,,,,2015,9
14,31.8,37.9,26.8,1003.5,59,0,1.9,2.6,9.4,-,,,,,2015,9
15,32.9,38,27.5,1003.3,62,0,1.9,0.4,3.5,-,,,,,2015,9
16,,,,,,,,,,,,,,,2015,9
17,,,,,,,,,,,,,,,2015,9
18,,,,,,,,,,,,,,,2015,9
19,30.4,35.9,26,1003.6,78,22.1,1.6,2,7.6,-,o,,o,,2015,9
20,29.1,34.8,27.2,1003.4,76,0,1.9,4.6,11.1,-,,,,,2015,9
21,30.2,36.5,26.2,1002.3,70,0,1.9,5.7,14.8,-,,,,,2015,9
22,,,,,,,,,,,o,,,,2015,9
23,,,,,,,,,,,,,,,2015,9
24,,,,,,,,,,,,,,,2015,9
25,28.4,33.9,23.5,1003.8,55,0,2.6,8.5,20.6,-,,,,,2015,9
26,29.4,35.1,23.7,1005.3,60,0,2.3,6.3,14.8,-,,,,,2015,9
27,28.6,35.2,25,1007.2,64,0,2.3,3,9.4,-,,,,,2015,9
28,,,,,,,,,,,,,,,2015,9
29,,,,,,,,,,,,,,,2015,9
30,,,,,,,,,,,,,,,2015,9
1,28.1,35.3,21.5,1011.8,56,0,2.6,5.6,13,-,,,,,2015,10
2,28.3,35.5,20.6,1011.1,57,0,3.2,5,-,-,,,,,2015,10
3,30.1,36.1,23.7,1007.8,58,0,3.1,5.7,-,-,,,,,2015,10
4,,,,,,,,,,,,,,,2015,10
5,,,,,,,,,,,,,,,2015,10
6,,,,,,,,,,,,,,,2015,10
7,28.6,35.6,22.7,1009,72,0,1.9,6.5,18.3,-,,,,,2015,10
8,28.5,35.4,23.2,1007.3,70,0,1.9,4.4,14.8,-,,,,,2015,10
9,28.6,36,21.8,1004.3,65,0,1.9,6.1,24.1,-,,,,,2015,10
10,,,,,,,,,,,,,,,2015,10
11,,,,,,,,,,,,,,,2015,10
12,,,,,,,,,,,,,,,2015,10
13,29.6,35.5,25,1011,69,0,1.9,3.7,9.4,-,,,,,2015,10
14,28.2,34.9,22.9,1012.7,70,0,1.9,3.9,9.4,-,,,,,2015,10
15,27.6,34.9,21.5,1013.6,71,0.51,1.8,0.4,3.5,-,,,,,2015,10
16,,,,,,,,,,,,,,,2015,10
17,,,,,,,,,,,,,,,2015,10
18,,,,,,,,,,,,,,,2015,10
19,28.2,36.1,21.9,1011.7,70,0,1.9,3.5,9.4,-,,,,,2015,10
20,27.7,36.2,22.9,1009.9,69,0,1.9,3,9.4,-,,,,,2015,10
21,26.6,36.2,21,1012,68,0,1.6,2,7.6,-,,,,,2015,10
22,,,,,,,,,,,,,,,2015,10
23,,,,,,,,,,,,,,,2015,10
24,,,,,,,,,,,,,,,2015,10
25,26.4,34.4,18.3,1012.8,53,0,2.1,5.4,14.8,-,,,,,2015,10
26,25.4,34.4,20.3,1015,59,0,1.9,5.6,16.5,-,,,,,2015,10
27,24.7,33.3,18.5,1014,61,0,2.3,3.5,7.6,-,,,,,2015,10
28,,,,,,,,,,,,,,,2015,10
29,,,,,,,,,,,,,,,2015,10
30,,,,,,,,,,,,,,,2015,10
31,22.3,29.8,15.6,1016,73,0,1.6,1.1,5.4,-,,,,,2015,10
1,22.9,31.4,16.2,1016.1,73,0,1.4,0.9,3.5,-,,,,o,2015,11
2,23.4,31.8,17.3,1015.8,75,0,1.6,0.4,3.5,-,,,,,2015,11
3,23.9,31.8,18.6,1014.2,73,0,1.8,0.4,1.9,-,,,,,2015,11
4,,,,,,,,,,,,,,,2015,11
5,,,,,,,,,,,o,,,,2015,11
6,,,,,,,,,,,,,,,2015,11
7,21.9,30.2,16.1,1014.8,79,0,0.5,1.1,7.6,-,,,,o,2015,11
8,21.9,29,17.1,1016,75,0,1.1,1.9,5.4,-,,,,o,2015,11
9,22.1,29.8,16.1,1015,77,0,1.3,0.7,3.5,-,,,,,2015,11
10,,,,,,,,,,,,,,o,2015,11
11,,,,,,,,,,,,,,,2015,11
12,,,,,,,,,,,,,,o,2015,11
13,22.3,29.3,16.1,1014.9,64,0,0.8,5.4,18.3,-,,,,,2015,11
14,22.4,29.8,16.5,1012,65,0,1.1,3.5,13,-,,,,,2015,11
15,22.6,32,15,1011.9,66,0,1.6,0,-,-,,,,,2015,11
16,,,,,,,,,,,,,,,2015,11
17,,,,,,,,,,,,,,,2015,11
18,,,,,,,,,,,,,,,2015,11
19,18.5,27.7,11.5,1017.6,68,0,1.3,0.9,7.6,-,,,,,2015,11
20,18.6,27.7,11.4,1016.4,69,0,1.1,0.4,3.5,-,,,,o,2015,11
21,18.8,28.5,11.5,1015.4,69,0,0.8,1.3,3.5,-,,,,o,2015,11
22,,,,,,,,,,,,,,o,2015,11
23,,,,,,,,,,,,,,,2015,11
24,,,,,,,,,,,,,,o,2015,11
25,19.3,28,13,1014.7,61,0,1.9,5.7,18.3,-,,,,,2015,11
26,20,29.1,11.9,1012.6,64,0,1.4,0.9,7.6,-,,,,,2015,11
27,18.4,29.1,13.5,1011.4,71,0,1.3,2.6,7.6,-,,,,,2015,11
28,,,,,,,,,,,,,,o,2015,11
29,,,,,,,,,,,,,,o,2015,11
30,,,,,,,,,,,,,,o,2015,11
1,19.3,28,13.8,1014.7,81,0,0.6,1.7,7.6,-,,,,o,2015,12
2,17.9,26.2,13.5,1016.2,75,0,0.8,2,11.1,-,,,,o,2015,12
3,17.6,24.6,11.2,1016.1,75,0,0.8,7,18.3,-,,,,o,2015,12
4,,,,,,,,,,,,,,,2015,12
5,,,,,,,,,,,,,,o,2015,12
6,,,,,,,,,,,,,,o,2015,12
7,17.8,26.2,11,1017.1,79,0,0.6,2,7.6,-,,,,o,2015,12
8,20.2,27,12,1015.8,68,0,1,1.3,5.4,-,,,,o,2015,12
9,19.2,26.9,11.6,1015.4,78,0,1,4.8,14.8,-,o,,,o,2015,12
10,,,,,,,,,,,,,,o,2015,12
11,,,,,,,,,,,,,,o,2015,12
12,,,,,,,,,,,,,,o,2015,12
13,14.8,21,6.8,1016.4,63,0,2.4,5.4,13,-,,,,,2015,12
14,14.6,21.3,6,1017.1,59,0,2.6,8.1,14.8,-,,,,,2015,12
15,15.2,22.2,7,1016.5,60,0,2.4,7,14.8,-,,,,,2015,12
16,,,,,,,,,,,,,,,2015,12
17,,,,,,,,,,,,,,o,2015,12
18,,,,,,,,,,,,,,o,2015,12
19,14.4,21.1,6.8,1019.1,65,0,1.6,5.6,13,-,,,,o,2015,12
20,12.6,21,0,1018.9,68,0,1.4,2.6,9.4,-,,,,o,2015,12
21,13.7,21,5.6,1018.8,71,0,1.3,1.5,7.6,-,,,,o,2015,12
22,,,,,,,,,,,,,,o,2015,12
23,,,,,,,,,,,,,,o,2015,12
24,,,,,,,,,,,,,,o,2015,12
25,13.3,19.3,5.5,1021.9,62,0,1.9,7.8,14.8,-,,,,,2015,12
26,14.4,21.5,5.5,1021,60,0,1.8,8.9,18.3,-,,,,o,2015,12
27,16.3,22.5,7.6,1020.6,64,0,1.4,8.1,14.8,-,,,,,2015,12
28,,,,,,,,,,,,,,,2015,12
29,,,,,,,,,,,,,,,2015,12
30,,,,,,,,,,,,,,o,2015,12
31,-,-,-,-,-,-,-,-,-,-,-,-,-,-,2015,12
1,16.9,25.1,6.6,1021.3,65,0,1.1,2,7.6,-,,,,o,2016,1
2,15.5,24.1,7.7,1021,71,0,1.1,3.5,11.1,-,,,,,2016,1
3,14.9,22.8,8,1018.4,73,0,1.1,5.9,13,-,,,,o,2016,1
4,,,,,,,,,,,,,,o,2016,1
5,,,,,,,,,,,,,,o,2016,1
6,,,,,,,,,,,,,,o,2016,1
7,18.3,24.7,11.5,1018.1,85,0,0.5,1.1,7.6,-,,,,o,2016,1
8,16.5,24.7,12,1017.4,82,0,0.6,8,13,-,,,,o,2016,1
9,16.6,22.2,10.2,1015.4,65,0,1.8,10,20.6,-,,,,o,2016,1
10,,,,,,,,,,,,,,o,2016,1
11,,,,,,,,,,,,,,o,2016,1
12,,,,,,,,,,,,,,o,2016,1
13,18.2,25.1,12,1014.4,77,-,0.6,5,11.1,-,o,,,o,2016,1
14,15.6,23.2,10.9,1015.6,82,0,0.6,4.3,9.4,-,,,,o,2016,1
15,13,19,9.6,1016.9,85,0,0.8,10.7,16.5,-,,,,o,2016,1
16,,,,,,,,,,,,,,o,2016,1
17,,,,,,,,,,,,,,o,2016,1
18,,,,,,,,,,,,,,o,2016,1
19,12.3,19,8.9,1015.8,91,0,0.5,4.6,9.4,-,,,,o,2016,1
20,11.9,15.7,7.5,1018.9,86,0,0.8,6.1,11.1,-,,,,o,2016,1
21,12,17,6.7,1019.8,75,0,1.3,7.6,13,-,,,,o,2016,1
22,,,,,,,,,,,,,,o,2016,1
23,,,,,,,,,,,,,,o,2016,1
24,,,,,,,,,,,,,,o,2016,1
25,11.7,18,6.4,1017.3,76,0,0.8,4.4,13,-,,,,o,2016,1
26,14.6,21,6.8,1015.6,81,0,0.6,2.4,7.6,-,,,,o,2016,1
27,17.7,24,9,1014.5,69,0,1.4,4.4,9.4,-,,,,o,2016,1
28,,,,,,,,,,,,,,o,2016,1
29,,,,,,,,,,,,,,o,2016,1
30,,,,,,,,,,,,,,o,2016,1
31,17.4,27.2,12.2,1016.4,79,0,1.1,7.8,18.3,-,,,,o,2016,1
1,15.9,22.4,8.4,1017.6,66,0,2.4,7.2,16.5,-,,,,o,2016,2
2,15.2,22.6,6.6,1018.2,56,0,1.9,8.9,22.2,-,,,,,2016,2
3,12.7,19.5,8,1017.6,69,0,1.3,8.3,18.3,-,,,,o,2016,2
4,,,,,,,,,,,,,,,2016,2
5,,,,,,,,,,,,,,o,2016,2
6,,,,,,,,,,,,,,o,2016,2
7,15.6,24.6,10.7,1015.7,81,0,1.3,2.8,9.4,-,,,,,2016,2
8,17.1,23.2,9,1017.1,69,0,1.8,5.9,11.1,-,,,,o,2016,2
9,17.6,24,10.1,1014.8,67,0,1.4,5.9,14.8,-,,,,o,2016,2
10,,,,,,,,,,,,,,o,2016,2
11,,,,,,,,,,,,,,,2016,2
12,,,,,,,,,,,,,,,2016,2
13,17.2,26,11.5,1014.7,65,0,2.3,5.7,14.8,-,,,,,2016,2
14,17.7,24.4,9.7,1017,64,0,2.1,8,18.3,-,,,,,2016,2
15,17.4,24.4,10.1,1018.9,61,0,2.3,6.1,11.1,-,,,,,2016,2
16,,,,,,,,,,,,,,,2016,2
17,,,,,,,,,,,,,,,2016,2
18,,,,,,,,,,,o,,,,2016,2
19,23.1,30,15.6,1014.9,71,-,1.4,4.1,9.4,-,o,,,o,2016,2
20,23.7,29.8,18.7,1014,75,-,1.4,11.1,18.3,-,o,,,,2016,2
21,20.9,27.8,15.8,1014.4,62,0,2.6,17.2,27.8,-,,,,,2016,2
22,,,,,,,,,,,,,,,2016,2
23,,,,,,,,,,,,,,,2016,2
24,,,,,,,,,,,,,,,2016,2
25,22.6,30.3,11.5,1015.4,57,0,2.4,5.4,11.1,-,,,,,2016,2
26,22.7,30.4,12.8,1017.7,56,0,2.6,2.4,7.6,-,,,,,2016,2
27,22.7,30.6,13,1018.4,58,0,2.4,3.3,7.6,-,,,,,2016,2
28,,,,,,,,,,,,,,,2016,2
29,,,,,,,,,,,,,,,2016,2
1,25,31,15,1015.7,59,0,1.9,1.7,5.4,-,,,,,2016,3
2,24.9,32.4,15.2,1015,57,0,1.9,1.7,9.4,-,,,,,2016,3
3,26.8,33.4,15.7,1014.5,52,0,2.4,4.6,9.4,-,,,,,2016,3
4,,,,,,,,,,,,,,,2016,3
5,,,,,,,,,,,o,,o,,2016,3
6,,,,,,,,,,,,,,,2016,3
7,23.7,29.1,15.8,1011.9,67,0,2.1,5.2,11.1,-,,,o,,2016,3
8,23.4,29.1,17,1011.4,63,0,2.1,6.7,16.5,-,,,,,2016,3
9,24.3,29,15.6,1011.7,56,0,1.9,10,18.3,-,,,,o,2016,3
10,,,,,,,,,,,,,,o,2016,3
11,,,,,,,,,,,o,,o,,2016,3
12,,,,,,,,,,,o,,o,,2016,3
13,24.3,31,16.8,1010.8,66,0,3.4,6.9,14.8,-,,,,,2016,3
14,22.4,29.5,17.1,1014.1,68,-,3.4,6.3,16.5,-,o,,o,,2016,3
15,24.1,29.2,14.5,1014.4,59,0,2.4,8.5,18.3,-,,,,,2016,3
16,,,,,,,,,,,,,,o,2016,3
17,,,,,,,,,,,o,,,,2016,3
18,,,,,,,,,,,,,,,2016,3
19,26.8,33,19,1008.8,61,0,2.3,3.5,11.1,-,,,o,,2016,3
20,27.1,33,19,1009.9,61,0,2.6,2.8,13,-,,,,,2016,3
21,26.5,32.8,19.5,1010.5,45,0,2.9,12.2,25.9,-,,,,,2016,3
22,,,,,,,,,,,,,,,2016,3
23,,,,,,,,,,,,,,,2016,3
24,,,,,,,,,,,,,,,2016,3
25,29.8,36.2,18.2,1012.7,52,0,2.4,3.3,7.6,-,,,,,2016,3
26,24.7,36.6,19.7,1012.8,66,0,2.4,9.4,14.8,-,,,,,2016,3
27,26.2,32,19.5,1012.5,56,0,3.1,9.1,14.8,-,,,,,2016,3
28,,,,,,,,,,,,,,,2016,3
29,,,,,,,,,,,,,,,2016,3
30,,,,,,,,,,,,,,,2016,3
31,29.9,37,19.5,1008.3,39,0,2.7,4.4,9.4,-,,,,,2016,3
1,30.4,37.5,21.6,1006.3,41,0,2.6,12,27.8,-,,,,,2016,4
2,32.3,39,21.5,1007.3,39,0,3.4,5.4,13,-,,,,,2016,4
3,33.4,39.1,24.8,1008,47,0,2.1,2.6,7.6,-,,,,,2016,4
4,,,,,,,,,,,,,,,2016,4
5,,,,,,,,,,,,,,,2016,4
6,,,,,,,,,,,,,,,2016,4
7,29.5,36.9,21.5,1007.2,41,0,2.3,11.3,16.5,-,,,,,2016,4
8,29.3,36,18.8,1008.8,37,0,3.2,4.8,11.1,-,,,,,2016,4
9,30.9,37,19,1008.9,33,0,2.6,6.9,14.8,-,,,,,2016,4
10,,,,,,,,,,,,,,,2016,4
11,,,,,,,,,,,,,,,2016,4
12,,,,,,,,,,,,,,,2016,4
13,31.6,38,23.2,1002.6,30,0,3.1,18.7,35.2,-,,,,,2016,4
14,33.1,39,24,1003,26,0,2.6,10.4,24.1,35.2,,,,,2016,4
15,33.6,40,23,1003.8,27,0,2.4,9.8,18.3,-,,,,,2016,4
16,-,-,-,-,-,-,-,-,-,-,-,-,-,-,2016,4
17,,,,,,,,,,,,,,,2016,4
18,,,,,,,,,,,,,,,2016,4
19,,,,,,,,,,,,,,,2016,4
20,34,40.6,26.3,1005.5,29,0,2.6,13.9,22.2,-,,,,,2016,4
21,33.9,39.6,25.8,1002.7,28,0,2.7,15.7,29.4,35.2,,,,,2016,4
22,33.3,39.4,24.8,1000.7,28,-,3.1,8.3,18.3,-,o,,,,2016,4
23,,,,,,,,,,,,,,,2016,4
24,,,,,,,,,,,,,,,2016,4
25,,,,,,,,,,,,,,,2016,4
26,33.4,40,21.2,1006.3,27,0,2.6,3.7,14.8,-,,,,,2016,4
27,33.2,40.3,22.2,1005.1,29,0,2.3,5,14.8,63,,,,,2016,4
28,34,40.7,22.2,1004.6,24,0,2.4,11.9,22.2,33.5,,,,,2016,4
29,,,,,,,,,,,,,,,2016,4
30,,,,,,,,,,,,,,,2016,4
1,34.7,41.5,22,1001.7,24,0,2.3,8.5,16.5,-,,,,,2016,5
2,38,44,23.8,1001.1,20,0,2.6,9.6,29.4,48.2,,,,,2016,5
3,35.4,44,28,1003.2,35,0,2.7,6.5,18.3,-,,,,,2016,5
4,,,,,,,,,,,,,,,2016,5
5,,,,,,,,,,,,,,,2016,5
6,,,,,,,,,,,,,,,2016,5
7,33.2,38,25,1004.6,41,0,2.7,4.6,9.4,-,,,,,2016,5
8,35.1,39.2,25.3,1005.1,40,0,2.4,7.2,11.1,-,,,,,2016,5
9,33.8,39.8,27.6,1005.5,44,0,2.4,9.8,16.5,-,,,,,2016,5
10,,,,,,,,,,,o,,o,,2016,5
11,,,,,,,,,,,,,,,2016,5
12,,,,,,,,,,,,,,,2016,5
13,37.1,42,27.5,1000.7,30,0,2.9,8.3,18.3,-,,,,,2016,5
14,36.5,43,27,1001.8,35,0,2.6,4.1,22.2,-,,,,,2016,5
15,37.3,42.4,27.4,1002.4,32,0,2.6,4.8,14.8,-,,,,,2016,5
16,,,,,,,,,,,,,,,2016,5
17,,,,,,,,,,,,,,,2016,5
18,,,,,,,,,,,,,,,2016,5
19,37.3,43.7,28.6,997.4,44,0,2.6,9.4,22.2,-,,,,,2016,5
20,37.3,42.8,31.2,996.2,49,0,2.6,8.3,14.8,-,,,,,2016,5
21,36.2,41.5,30.7,995.3,50,0,2.9,10.9,18.3,-,,,,,2016,5
22,,,,,,,,,,,,,,,2016,5
23,,,,,,,,,,,o,,o,,2016,5
24,,,,,,,,,,,,,,,2016,5
25,32.9,39,27.4,996.6,50,-,2.4,9.4,27.8,46.5,o,,,,2016,5
26,34.6,39,26,998.4,49,0,2.4,6.7,16.5,-,,,,,2016,5
27,37.4,41,30.6,998.8,31,0,1.9,14.1,27.8,-,,,,,2016,5
28,,,,,,,,,,,,,,,2016,5
29,,,,,,,,,,,,,,,2016,5
30,,,,,,,,,,,o,,o,,2016,5
31,32.7,37.5,24.7,1002.3,55,0,2.4,7.4,18.3,-,,,,,2016,5
1,36,40,26.6,1001.7,46,0,3.1,9.1,22.2,-,,,,,2016,6
2,37.7,42,30.7,1000.9,37,0,2.6,11.9,22.2,-,,,,,2016,6
3,37.6,43,28.7,1001.2,42,0,2.4,2.8,11.1,-,,,,,2016,6
4,,,,,,,,,,,,,,,2016,6
5,,,,,,,,,,,,,,,2016,6
6,,,,,,,,,,,,,,,2016,6
7,34.6,40.3,28.7,1001.1,51,0,2.7,10.2,25.9,29.4,,,,,2016,6
8,35.9,41,28.6,998.6,50,0,2.6,8.5,18.3,-,,,,,2016,6
9,35.7,41.2,30,997.6,48,0,2.3,9.3,27.8,37,,,,,2016,6
10,,,,,,,,,,,o,,,,2016,6
11,,,,,,,,,,,,,,,2016,6
12,,,,,,,,,,,,,,,2016,6
13,36,41,27.6,997.7,46,-,2.4,12.8,25.9,-,o,,o,,2016,6
14,32.6,40.7,26,996.9,59,-,2.6,11.9,29.4,31.7,o,,o,,2016,6
15,34.7,38,30.5,995.4,55,0,2.4,10.4,18.3,-,,,,,2016,6
16,,,,,,,,,,,,,,,2016,6
17,,,,,,,,,,,o,,,,2016,6
18,,,,,,,,,,,,,,,2016,6
19,35.6,40,30,1000.7,57,0,3.1,9.4,25.9,-,,,,,2016,6
20,31.1,40.1,26,999.8,74,-,2.4,7.6,14.8,-,o,,o,,2016,6
21,32.9,38.6,27,999.7,64,0,2.4,8.9,16.5,-,,,,,2016,6
22,,,,,,,,,,,,,,,2016,6
23,,,,,,,,,,,o,,,,2016,6
24,,,,,,,,,,,,,,,2016,6
25,35.5,39.9,31.2,999.7,60,0,2.4,9.8,18.3,-,,,,,2016,6
26,34.9,39.6,29.6,999.6,61,0,2.4,7.8,14.8,-,,,,,2016,6
27,34.4,39.4,26,998.3,63,0,2.3,8,14.8,-,,,,,2016,6
28,,,,,,,,,,,o,,o,,2016,6
29,,,,,,,,,,,,,,,2016,6
30,,,,,,,,,,,o,,,,2016,6
1,32.2,39.8,25.4,995.4,73,-,2.3,8.3,14.8,-,o,,o,,2016,7
2,28.4,36.6,24.4,998.1,82,0,2.4,5.2,9.4,-,,,,,2016,7
3,29.6,32,25.7,997.6,80,-,2.3,2,7.6,-,o,,o,,2016,7
4,,,,,,,,,,,,,,,2016,7
5,,,,,,,,,,,,,,,2016,7
6,,,,,,,,,,,,,,,2016,7
7,33.6,36.7,28.8,996.7,66,0,5.8,5.9,11.1,-,,,,,2016,7
8,30.7,36.9,28.8,996.8,78,-,2.3,5.4,27.8,37,o,,o,,2016,7
9,33.3,37,27.8,996.2,68,0,2.6,6.7,11.1,-,,,,,2016,7
10,,,,,,,,,,,o,,o,,2016,7
11,,,,,,,,,,,,,,,2016,7
12,,,,,,,,,,,o,,,,2016,7
13,31.1,34.2,27.8,997.8,78,-,2.6,6.9,24.1,-,o,,,,2016,7
14,30.4,35.4,26.7,997.8,82,-,2.1,5.2,14.8,-,o,,o,,2016,7
15,31,35.2,26,997.9,80,-,2.4,7.2,18.3,-,o,,,,2016,7
16,,,,,,,,,,,o,,o,,2016,7
17,,,,,,,,,,,o,,,,2016,7
18,,,,,,,,,,,o,,,,2016,7
19,32.4,35.2,26.2,999,72,0,2.9,13.5,25.9,-,,,,,2016,7
20,34.1,37,28.5,998.5,63,0,3.2,13,22.2,-,,,,,2016,7
21,34.1,37.2,29,998.4,61,0,2.6,11.5,22.2,-,,,,,2016,7
22,,,,,,,,,,,,,,,2016,7
23,,,,,,,,,,,o,,,,2016,7
24,,,,,,,,,,,,,,,2016,7
25,31.9,35,28.3,1001.3,72,0,2.1,2.8,9.4,-,,,,,2016,7
26,30.3,35,27.6,1002.6,83,5.08,2.3,6.5,16.5,-,o,,,,2016,7
27,28.3,35.8,26.8,1003.9,89,-,1.6,4.3,11.1,-,o,,o,,2016,7
28,,,,,,,,,,,o,,o,,2016,7
29,,,,,,,,,,,o,,o,,2016,7
30,,,,,,,,,,,o,,o,,2016,7
31,29.2,31,26,1000,85,0,1.8,4.6,13,-,,,,,2016,7
1,29.1,32.6,26.4,998.6,85,-,1.8,5.9,13,-,o,,,,2016,8
2,30.9,35,26,997.4,73,-,2.6,6.5,11.1,-,o,,,,2016,8
3,32.6,36,26.2,997.8,66,0,3.4,5.6,9.4,-,,,,,2016,8
4,,,,,,,,,,,,,,,2016,8
5,,,,,,,,,,,o,,o,,2016,8
6,,,,,,,,,,,o,,,,2016,8
7,33.3,36,26.4,999.7,67,0,3.2,7.8,18.3,-,,,,,2016,8
8,33.4,36.5,28.6,999.9,66,0,2.9,9.8,16.5,-,,,,,2016,8
9,31.2,36.7,28,997.8,75,-,2.7,9.1,14.8,-,o,,o,,2016,8
10,,,,,,,,,,,o,,o,,2016,8
11,,,,,,,,,,,o,,,,2016,8
12,,,,,,,,,,,o,,o,,2016,8
13,29.9,34,25.5,1000.2,80,-,1.4,3.3,11.1,-,o,,o,,2016,8
14,29,33.7,26,999.1,85,-,2.1,6.5,22.2,-,o,,,,2016,8
15,31.3,34.5,27,997.6,71,0,3.2,12.2,22.2,-,,,,,2016,8
16,,,,,,,,,,,,,,,2016,8
17,,,,,,,,,,,o,,,,2016,8
18,,,,,,,,,,,o,,,,2016,8
19,31.7,34,26.4,999,71,0,2.6,2,11.1,-,,,,,2016,8
20,32.6,36,27.6,999.6,70,0,2.7,10.6,20.6,-,,,,,2016,8
21,31.2,35.9,26.1,1000.4,71,0,3.2,8.7,18.3,-,,,,,2016,8
22,,,,,,,,,,,,,,,2016,8
23,,,,,,,,,,,,,,,2016,8
24,,,,,,,,,,,o,,o,,2016,8
25,31,35,26.8,1004.1,76,-,2.6,6.1,14.8,-,o,,,,2016,8
26,30.8,35.2,26.8,1005,76,-,2.7,3.7,18.3,-,o,,o,,2016,8
27,31.4,36,25.5,-,73,0,3.1,6.5,13,-,,,,,2016,8
28,,,,,,,,,,,o,,,,2016,8
29,,,,,,,,,,,o,,o,,2016,8
30,,,,,,,,,,,o,,,,2016,8
31,27.3,33.3,24,1002.4,89,-,2.1,7.8,27.8,-,o,,o,,2016,8
1,27.8,31,25.2,1001.3,88,62.99,2.4,4.6,7.6,-,o,,o,,2016,9
2,30.7,34,25.5,1000.1,73,6.1,2.6,13.7,22.2,-,,,,,2016,9
3,30.7,34,25,1000.5,65,0,3.4,12,27.8,-,,,,,2016,9
4,,,,,,,,,,,,,,,2016,9
5,,,,,,,,,,,,,,,2016,9
6,,,,,,,,,,,,,,,2016,9
7,31.1,35,25,1003.1,64,0,3.2,10.4,18.3,-,,,,,2016,9
8,31.3,35,26,1004.6,63,0,3.2,11.5,18.3,-,,,,,2016,9
9,31.5,35.5,26.1,-,60,0,3.2,13.5,22.2,-,,,,,2016,9
10,,,,,,,,,,,,,,,2016,9
11,,,,,,,,,,,,,,,2016,9
12,,,,,,,,,,,,,,,2016,9
13,31.4,36,26.7,1006.7,65,0,3.1,8.3,13,-,,,,,2016,9
14,30.4,35.6,25.7,1006.5,72,-,2.9,4.3,14.8,-,o,,o,,2016,9
15,31.6,35,25.7,1005.3,63,0,2.6,3.7,-,-,,,,,2016,9
16,,,,,,,,,,,,,,,2016,9
17,,,,,,,,,,,,,,,2016,9
18,,,,,,,,,,,,,,,2016,9
19,31.7,37.1,26,1003.2,63,0,2.9,1.7,5.4,-,,,,,2016,9
20,32.5,37.2,25.3,1003,59,0,3.1,1.7,7.6,-,,,,,2016,9
21,32.6,37.4,27,1005.8,63,0,2.6,6.3,13,-,,,,,2016,9
22,,,,,,,,,,,,,,,2016,9
23,,,,,,,,,,,,,,,2016,9
24,,,,,,,,,,,,,,,2016,9
25,30.7,34.8,25.6,1004.5,66,0,2.6,3.3,11.1,-,,,,,2016,9
26,31.2,35,25.2,-,63,0,2.7,3,9.4,-,,,,,2016,9
27,31.4,35.2,26,1005.8,62,0,3.1,2,7.6,-,,,,,2016,9
28,,,,,,,,,,,,,,,2016,9
29,,,,,,,,,,,,,,,2016,9
30,,,,,,,,,,,,,,,2016,9
1,31.9,36,26.5,1007.2,66,0,2.3,2.4,7.6,-,,,,,2016,10
2,32.4,36.4,27.5,1007.8,65,0,3.1,3.5,11.1,-,,,,,2016,10
3,32.7,36.1,27.7,-,64,0,2.6,3.3,7.6,-,,,,,2016,10
4,,,,,,,,,,,o,,o,,2016,10
5,,,,,,,,,,,o,,,,2016,10
6,,,,,,,,,,,,,,,2016,10
7,30.3,35,24.7,1007.3,62,0,2.3,7.6,18.3,-,,,,,2016,10
8,29.9,35,23,1006.3,60,0,2.6,6.7,24.1,-,,,,,2016,10
9,30,36,22.5,1004.9,63,0,2.6,3,7.6,-,,,,,2016,10
10,,,,,,,,,,,,,,,2016,10
11,,,,,,,,,,,,,,,2016,10
12,,,,,,,,,,,,,,,2016,10
13,28.6,35,19.8,1008.2,49,0,3.7,11.5,22.2,-,,,,,2016,10
14,28.3,35.2,19,1009.4,53,0,3.4,9.1,35.9,-,,,,,2016,10
15,26.8,35.2,17.5,1010.4,57,0,2.6,5.7,13,-,,,,,2016,10
16,,,,,,,,,,,,,,,2016,10
17,,,,,,,,,,,,,,,2016,10
18,,,,,,,,,,,,,,,2016,10
19,27.6,35,17.6,1007.6,53,0,3.1,5.9,13,-,,,,,2016,10
20,27.7,35,18.6,1006.9,52,0,3.1,7.8,28.7,-,,,,,2016,10
21,27.3,35,19,1007.8,55,0,3.2,7.2,27.8,-,,,,,2016,10
22,,,,,,,,,,,,,,,2016,10
23,,,,,,,,,,,,,,,2016,10
24,,,,,,,,,,,,,,,2016,10
25,27.2,34.5,19.5,1009,58,0,3.1,11.1,25.9,33.5,,,,,2016,10
26,26.4,33,18.4,1012.4,60,0,2.6,4.6,14.8,-,,,,,2016,10
27,25.4,33.4,16.5,1014.3,62,0,1.6,5,14.8,-,,,,,2016,10
28,,,,,,,,,,,,,,,2016,10
29,,,,,,,,,,,,,,,2016,10
30,,,,,,,,,,,,,,o,2016,10
31,23.7,31.7,15.5,1017.7,69,0,1,1.3,5.4,-,,,,o,2016,10
1,23.4,31.1,14.2,1016,60,0,1.1,3,7.6,-,,,,o,2016,11
2,22.6,30.6,15.8,1015.4,69,0,0.5,1.1,5.4,-,,,,o,2016,11
3,23.9,32,14.5,1015.6,63,0,1,2,5.4,-,,,,o,2016,11
4,,,,,,,,,,,,,,o,2016,11
5,,,,,,,,,,,,,,o,2016,11
6,,,,,,,,,,,,,,o,2016,11
7,23.2,30.2,14,1012.6,55,0,1.1,7.4,18.3,-,,,,o,2016,11
8,22.5,29.5,15.6,1013.3,56,0,1.1,11.7,22.2,-,,,,o,2016,11
9,21.7,30,12.2,1014.5,52,0,1.1,6.3,16.5,-,,,,,2016,11
10,,,,,,,,,,,,,,,2016,11
11,-,-,-,-,-,-,-,-,-,-,-,-,-,-,2016,11
12,,,,,,,,,,,,,,o,2016,11
13,,,,,,,,,,,,,,,2016,11
14,22.2,30.2,13.6,1015.6,63,0,1.6,1.5,3.5,-,,,,,2016,11
15,20.8,29.3,12.1,1016.7,58,0,1.8,3.5,9.4,-,,,,,2016,11
16,20.7,28.8,10.6,1017.8,56,0,1.8,6.1,16.5,-,,,,o,2016,11
17,,,,,,,,,,,,,,,2016,11
18,,,,,,,,,,,,,,,2016,11
19,,,,,,,,,,,,,,,2016,11
20,20.8,29,10.5,1013.9,61,0,1.8,2.6,7.6,-,,,,,2016,11
21,22,31,10.7,1013.2,56,0,1.8,2.4,14.8,-,,,,o,2016,11
22,21.4,30.6,10.8,1011.9,54,0,2.6,7.8,18.3,-,,,,,2016,11
23,,,,,,,,,,,,,,,2016,11
24,,,,,,,,,,,,,,,2016,11
25,,,,,,,,,,,,,,,2016,11
26,24.2,31,16.5,1013,36,0,2.9,13.9,22.2,-,,,,,2016,11
27,22.7,30.8,13.6,1012,38,0,3.4,11.9,20.6,-,,,,,2016,11
28,21.4,29.6,12.7,1013.7,40,0,2.6,8,20.6,-,,,,,2016,11
29,,,,,,,,,,,,,,,2016,11
30,,,,,,,,,,,,,,o,2016,11
1,19.2,25.9,11.9,1017,84,0,0.8,2.6,9.4,-,,,,o,2016,12
2,18.9,25.8,11.5,1017.9,77,0,0.6,5,13,-,,,,o,2016,12
3,19.3,27,11.7,1019.6,57,0,1.8,5.2,11.1,-,,,,,2016,12
4,,,,,,,,,,,,,,,2016,12
5,,,,,,,,,,,,,,,2016,12
6,,,,,,,,,,,,,,o,2016,12
7,17.8,24.8,11.2,1017,74,0,0.6,0.7,7.6,-,,,,o,2016,12
8,15.8,24.3,8.7,1015.8,77,0,0.8,1.7,7.6,-,,,,o,2016,12
9,18.2,27,7.7,1013.7,72,0,0.6,1.1,7.6,-,,,,o,2016,12
10,,,,,,,,,,,,,,o,2016,12
11,,,,,,,,,,,,,,o,2016,12
12,,,,,,,,,,,,,,o,2016,12
13,19,27.1,10.5,1015.1,61,0,1.6,3.3,9.4,-,,,,,2016,12
14,18,26.6,10.5,1017.1,61,0,1.9,8,14.8,-,,,,,2016,12
15,17.2,24.2,10,1017.2,58,0,1.6,9.3,22.2,-,,,,,2016,12
16,,,,,,,,,,,,,,,2016,12
17,,,,,,,,,,,,,,o,2016,12
18,,,,,,,,,,,,,,o,2016,12
19,16.3,23,6.6,1016.9,61,0,1,9.4,20.6,-,,,,o,2016,12
20,18.1,24,11.2,1015.4,56,0,1.8,15.9,25.9,-,,,,o,2016,12
21,17.8,25,10.7,1015.8,54,0,2.3,9.4,22.2,-,,,,,2016,12
22,,,,,,,,,,,,,,o,2016,12
23,,,,,,,,,,,,,,o,2016,12
24,,,,,,,,,,,,,,o,2016,12
25,13.9,24.5,11.4,1015,95,0,0.6,8.7,14.8,-,,,,o,2016,12
26,16.3,23,9.8,1016.9,78,0,1.1,7.4,16.5,-,,,,o,2016,12
27,16.3,23.4,9,1017.3,68,0,1.3,7.8,18.3,-,,,,o,2016,12
28,,,,,,,,,,,,,,o,2016,12
29,,,,,,,,,,,,,,o,2016,12
30,,,,,,,,,,,,,,o,2016,12
31,-,-,-,-,-,-,-,-,-,-,-,-,-,-,2016,12
1,15.6,23,9,1016.4,87,0,1.3,2.4,11.1,-,,,,o,2017,1
2,17.4,24,9.3,1018.9,81,0,1.3,2.2,9.4,-,,,,o,2017,1
3,16.7,24.3,9.5,1018,82,0,1,4.1,13,-,,,,o,2017,1
4,,,,,,,,,,,,,,o,2017,1
5,,,,,,,,,,,,,,o,2017,1
6,,,,,,,,,,,,,,o,2017,1
7,14.7,24.4,13.5,1012.2,96,-,1,10,22.2,-,o,,,,2017,1
8,15.4,20,10.2,1015.5,84,0,1.1,2.2,7.6,-,,,,,2017,1
9,14.1,20.2,8.6,1015.8,82,0,1.1,5,13,-,,,,,2017,1
10,,,,,,,,,,,,,,o,2017,1
11,,,,,,,,,,,,,,o,2017,1
12,,,,,,,,,,,,,,o,2017,1
13,12.1,19,4.3,1017.8,70,0,1.4,6.1,14.8,-,,,,o,2017,1
14,12.6,19.5,3.2,1019.2,78,0,1.3,5.2,11.1,-,,,,o,2017,1
15,16.4,24,8.6,1017.3,73,0,1.3,3.3,7.6,-,,,,,2017,1
16,,,,,,,,,,,,,,,2017,1
17,,,,,,,,,,,,,,o,2017,1
18,,,,,,,,,,,,,,o,2017,1
19,14,21,6.4,1023.1,76,0,1.6,10.2,16.5,-,,,,o,2017,1
20,14.7,21.3,6,-,68,0,1.8,10.2,18.3,-,,,,o,2017,1
21,14.7,20.8,7,1021.4,72,0,1,6.1,14.8,-,,,,o,2017,1
22,,,,,,,,,,,,,,o,2017,1
23,,,,,,,,,,,,,,o,2017,1
24,,,,,,,,,,,,,,o,2017,1
25,19.8,25.6,12.5,1018.2,74,-,1.1,7.8,24.1,-,o,,o,,2017,1
26,16.2,25.1,14.5,1017.1,92,-,0.8,8,22.2,33.5,o,,o,,2017,1
27,16.1,20,13.2,1019.1,80,-,1.8,11.9,18.3,-,o,,,,2017,1
28,,,,,,,,,,,,,,o,2017,1
29,,,,,,,,,,,,,,,2017,1
30,,,,,,,,,,,,,,o,2017,1
31,17.3,23.2,9.8,1016,71,0,1.4,4.6,16.5,-,,,,o,2017,1
1,16.2,23.4,9.4,1017.9,75,0,1.3,8,16.5,-,,,,o,2017,2
2,17,24,8.6,1019.2,66,0,1.6,2.8,7.6,-,,,,o,2017,2
3,17.9,25,9.5,1017.3,68,0,1.6,3.3,11.1,-,,,,o,2017,2
4,,,,,,,,,,,,,,o,2017,2
5,,,,,,,,,,,,,,o,2017,2
6,,,,,,,,,,,,,,o,2017,2
7,16.1,23.5,8.6,1015.9,62,0,2.9,10.2,18.3,-,,,,,2017,2
8,16.8,24,9,1015.2,63,0,1.8,5.7,18.3,-,,,,o,2017,2
9,16.7,24.2,9.4,1016.4,66,0,1.8,10.6,27.8,-,,,,,2017,2
10,,,,,,,,,,,,,,o,2017,2
11,,,,,,,,,,,,,,o,2017,2
12,,,,,,,,,,,,,,,2017,2
13,18.2,25,8.9,1021.9,59,0,2.3,7.6,18.3,-,,,,,2017,2
14,18.6,29,10.2,1021.3,59,0,1.8,10.2,18.3,-,,,,,2017,2
15,19.7,27,9.8,1020.3,58,0,2.4,8.7,32.4,-,,,,,2017,2
16,,,,,,,,,,,,,,,2017,2
17,,,,,,,,,,,,,,,2017,2
18,,,,,,,,,,,,,,,2017,2
19,24.1,31,15.6,1011.1,57,0,3.1,7.2,14.8,-,,,,,2017,2
20,24.8,32,16.4,1005,56,0,2.4,6.3,14.8,-,,,,,2017,2
21,20.9,32.4,15.7,1008.2,74,0,1.9,12,24.1,-,,,,,2017,2
22,,,,,,,,,,,,,,,2017,2
23,,,,,,,,,,,,,,,2017,2
24,,,,,,,,,,,,,,,2017,2
25,21.4,28,13.5,1013.6,47,0,3.1,18.5,35.2,53.5,,,,,2017,2
26,20.4,28.1,12.4,1012.5,55,0,2.6,16.1,29.4,46.5,,,,,2017,2
27,21.2,29,11,1014.2,52,0,3.2,8,16.5,-,,,,,2017,2
28,,,,,,,,,,,,,,,2017,2
1,24.7,32.5,18,1012.1,49,0,2.6,5,11.1,-,,,,,2017,3
2,22.8,30.5,16.5,1011.1,59,0,1.9,4.4,11.1,-,,,,,2017,3
3,21.3,28.5,12.5,1010.6,41,0,3.1,8.3,22.2,-,,,,,2017,3
4,,,,,,,,,,,,,,,2017,3
5,,,,,,,,,,,,,,,2017,3
6,,,,,,,,,,,,,,,2017,3
7,23.4,30,12,1008.3,41,0,2.6,5.9,14.8,-,,,,,2017,3
8,22.8,30.7,17.6,1008,54,-,2.9,12,22.2,29.4,o,,,,2017,3
9,20.7,28.2,14.6,1007.6,67,-,2.6,8.1,18.3,-,o,,o,,2017,3
10,,,,,,,,,,,o,,o,,2017,3
11,,,,,,,,,,,,,,,2017,3
12,,,,,,,,,,,,,,,2017,3
13,18.4,24,9,1015.3,49,0,3.2,9.1,20.6,-,,,,,2017,3
14,19.6,26,9.1,1016.4,50,0,2.7,6.5,22.2,-,,,,,2017,3
15,21.4,28,10.5,1013.7,50,0,2.4,8.5,22.2,-,,,,,2017,3
16,,,,,,,,,,,,,,,2017,3
17,,,,,,,,,,,,,,,2017,3
18,,,,,,,,,,,,,,,2017,3
19,23.6,30,15.6,1011.7,57,0,2.6,7.6,18.3,-,,,,,2017,3
20,24.2,30,15.4,1012.2,53,0,2.7,11.3,24.1,33.5,,,,,2017,3
21,26.6,34,16.2,1011.6,47,0,2.9,10.9,22.2,33.5,,,,,2017,3
22,,,,,,,,,,,,,,,2017,3
23,,,,,,,,,,,,,,,2017,3
24,,,,,,,,,,,,,,,2017,3
25,27.8,35,17.7,1010.4,41,0,3.4,12.8,27.8,-,,,,,2017,3
26,29.1,35,20.8,1009.8,38,0,3.2,16.1,35.2,53.5,,,,,2017,3
27,30.6,37,21.8,1009.5,41,0,3.1,13.1,27.8,37,,,,,2017,3
28,,,,,,,,,,,,,,,2017,3
29,,,,,,,,,,,,,,,2017,3
30,,,,,,,,,,,,,,,2017,3
31,31.2,38.5,23.3,1007.5,41,0,2.9,8.3,18.3,-,,,,,2017,3
1,32.8,39,23.2,1004.7,36,0,3.2,11.1,22.2,-,,,,,2017,4
2,31.7,39.4,23,1004.2,34,0,3.5,10.7,25.9,33.5,,,,,2017,4
3,32.8,39,21.4,1004.9,30,0,3.7,10.7,22.2,-,,,,,2017,4
4,,,,,,,,,,,o,,o,,2017,4
5,,,,,,,,,,,o,,o,,2017,4
6,,,,,,,,,,,,,,,2017,4
7,28.8,38,19.2,1008,32,0,1.9,5.9,18.3,-,,,,,2017,4
8,27.5,34.4,16.5,1010.8,28,0,2.7,10,20.6,-,,,,,2017,4
9,27.3,33.6,19,1010.8,29,0,3.9,13.3,25.9,44.6,,,,,2017,4
10,,,,,,,,,,,,,,,2017,4
11,,,,,,,,,,,,,,,2017,4
12,,,,,,,,,,,,,,,2017,4
13,31.6,40,19.9,1006.3,27,0,2.9,5.6,11.1,-,,,,,2017,4
14,32.4,40.5,20.7,1004.5,33,0,2.3,2.6,9.4,-,,,,,2017,4
15,33,40.6,22,1002.1,29,0,3.2,8.5,24.1,-,,,,,2017,4
16,,,,,,,,,,,,,,,2017,4
17,,,,,,,,,,,,,,,2017,4
18,,,,,,,,,,,,,,,2017,4
19,-,-,-,-,-,-,-,-,-,-,-,-,-,-,2017,4
20,-,-,-,-,-,-,-,-,-,-,-,-,-,-,2017,4
21,34.9,43.2,28.9,999.7,45,0,2.7,9.1,21.7,-,,,,,2017,4
22,33.5,40.2,28.5,1001.9,49,0,2.3,8.5,22.2,-,,,o,,2017,4
23,33.9,40,26.8,1001.9,31,0,3.2,11.1,22.2,-,,,,,2017,4
24,,,,,,,,,,,,,,,2017,4
25,,,,,,,,,,,o,,o,,2017,4
26,,,,,,,,,,,,,,,2017,4
27,32.6,38.2,22.5,1006.3,33,0,2.7,11.9,51.9,70.6,,,,,2017,4
28,32.2,38.5,24,1004.8,37,0,2.9,13.3,39.6,-,,,,,2017,4
29,32.1,39,24,1005.4,40,0,3.1,5.9,20.6,-,,,,,2017,4
30,,,,,,,,,,,o,,o,,2017,4
1,32.2,38.1,23.1,1007.2,35,0,3.7,5.7,13,-,,,,,2017,5
2,32.3,39.6,22,1006.8,37,0,3.2,4.4,13,-,,,,,2017,5
3,32.6,40,24.4,1006.6,35,-,2.3,7.4,18.3,64.8,o,,o,,2017,5
4,,,,,,,,,,,,,,,2017,5
5,,,,,,,,,,,,,,,2017,5
6,,,,,,,,,,,,,,,2017,5
7,36.6,44,25.3,1003.7,27,0,3.4,8,18.3,-,,,,,2017,5
8,36.6,44.1,27.6,1002.7,30,0,2.6,3.5,9.4,-,,,,,2017,5
9,35.6,42.8,28,1001.5,36,0,3.2,10.7,20.6,-,,,,,2017,5
10,,,,,,,,,,,o,,o,,2017,5
11,,,,,,,,,,,,,,,2017,5
12,,,,,,,,,,,,,,,2017,5
13,36,41.8,27.5,1002,35,0,2.7,6.7,18.3,-,,,,,2017,5
14,37.2,43,27.8,999.8,28,0,3.1,6.7,14.8,-,,,,,2017,5
15,37.9,44,28.1,998.3,24,0,3.2,10.2,22.2,29.4,,,,,2017,5
16,,,,,,,,,,,,,,,2017,5
17,,,,,,,,,,,o,,,,2017,5
18,,,,,,,,,,,,,,,2017,5
19,32.3,40.2,27.4,1001.4,45,-,3.2,6.5,18.3,-,o,,o,,2017,5
20,34,41.4,28.4,1000,38,0,3.4,5.4,22.2,-,,,,,2017,5
21,31.2,39,24,1001.5,45,-,2.1,9.8,22.2,-,o,,o,,2017,5
22,,,,,,,,,,,o,,,,2017,5
23,,,,,,,,,,,,,,,2017,5
24,,,,,,,,,,,,,,,2017,5
25,36.4,41.6,28.5,999.1,36,0,3.4,4.3,11.1,-,,,,,2017,5
26,37.8,44,29,997.3,33,0,3.1,8.3,22.2,-,,,,,2017,5
27,35.3,43.9,29.3,998,46,0,3.9,13.3,18.3,-,,,,,2017,5
28,,,,,,,,,,,o,,o,,2017,5
29,,,,,,,,,,,o,,o,,2017,5
30,,,,,,,,,,,,,,,2017,5
31,29.4,37,26,1000.2,69,-,2.9,9.4,20.6,37,o,,o,,2017,5
1,32.9,37,24.9,1000.7,52,0,2.4,5,14.8,-,,,,,2017,6
2,34.9,40,26,999.4,38,0,2.6,6.7,13,-,,,,,2017,6
3,37.3,42.5,28.7,996.6,32,0,3.4,12.2,35.2,-,,,,,2017,6
4,,,,,,,,,,,,,,,2017,6
5,,,,,,,,,,,,,,,2017,6
6,,,,,,,,,,,,,,,2017,6
7,31.7,43,26,1003.5,51,-,3.2,14.3,37,55.4,o,,,,2017,6
8,30.3,37.2,25,1002.1,62,-,3.5,8.9,18.3,33.5,o,,o,,2017,6
9,32.9,37,26.4,1000.6,53,0,2.7,4.8,13,-,,,,,2017,6
10,,,,,,,,,,,,,,,2017,6
11,,,,,,,,,,,,,,,2017,6
12,,,,,,,,,,,,,,,2017,6
13,36.6,42,28.1,997.5,33,0,3.5,13.3,29.4,-,,,,,2017,6
14,36.1,42,29,1000.4,37,0,2.9,12.8,43.2,79.1,,,,,2017,6
15,34.7,41.6,28.6,998.9,39,0,3.1,11.3,22.2,-,,,,,2017,6
16,,,,,,,,,,,o,,o,,2017,6
17,,,,,,,,,,,,,o,,2017,6
18,,,,,,,,,,,,,,,2017,6
19,30.2,37,24,998,72,-,3.2,10.2,27.8,-,o,,o,,2017,6
20,27.6,37.4,23.2,998.3,79,-,2.6,5.6,14.8,-,o,,o,,2017,6
21,27.7,32.2,23.7,999,85,-,2.4,6.7,13,-,o,,o,,2017,6
22,,,,,,,,,,,o,,,,2017,6
23,,,,,,,,,,,,,,,2017,6
24,,,,,,,,,,,,,,,2017,6
25,35.7,39,30,997.7,58,0,3.1,6.7,13,-,,,,,2017,6
26,35.2,39.4,30.4,998.9,62,0,3.4,7.6,18.3,-,,,,,2017,6
27,35.6,39,30.5,998.5,59,0,3.4,9.4,18.3,-,,,,,2017,6
28,,,,,,,,,,,o,,o,,2017,6
29,,,,,,,,,,,o,,,,2017,6
30,,,,,,,,,,,o,,o,,2017,6
1,30.3,34.5,25.4,995.6,84,0,2.4,3.3,9.4,-,o,,o,,2017,7
2,28.1,35.1,26,996.9,91,-,1.9,6.5,14.8,-,o,,,,2017,7
3,32,37,26.7,996.5,75,0,2.3,3.7,9.4,-,,,,,2017,7
4,,,,,,,,,,,,,,,2017,7
5,,,,,,,,,,,,,,,2017,7
6,,,,,,,,,,,o,,,,2017,7
7,31.3,35.8,25.2,1000.4,74,0,2.7,3.9,11.1,-,,,,,2017,7
8,31.9,36.5,28.2,999.1,72,0,2.4,6.3,13,-,,,,,2017,7
9,34.4,37.6,29.6,998.6,58,0,2.9,7.4,14.8,-,,,,,2017,7
10,,,,,,,,,,,o,,,,2017,7
11,,,,,,,,,,,o,,,,2017,7
12,,,,,,,,,,,,,,,2017,7
13,31.1,35,27,999.4,69,0,3.2,7.8,14.8,-,,,,,2017,7
14,33.2,36.5,28.4,999.6,64,0,3.7,9.6,18.3,-,,,,,2017,7
15,31.6,36.4,28.4,1000.2,76,-,3.2,6.1,14.8,-,o,,,,2017,7
16,,,,,,,,,,,,,,,2017,7
17,,,,,,,,,,,o,,o,,2017,7
18,,,,,,,,,,,,,,,2017,7
19,34.1,38,28,997.6,64,-,2.7,5,18.3,37,o,,,,2017,7
20,29.2,38.4,25,998,84,-,2.3,6.9,18.3,-,o,,o,,2017,7
21,32.5,36,28,997.5,70,0,3.1,10,18.3,-,,,,,2017,7
22,,,,,,,,,,,o,,,,2017,7
23,,,,,,,,,,,o,,,,2017,7
24,,,,,,,,,,,o,,,,2017,7
25,29.6,33.4,26.6,997.3,84,-,2.4,9.3,16.5,-,o,,,,2017,7
26,31.6,35,26.4,999.1,74,0,3.2,8.9,13,-,,,,,2017,7
27,32.2,35,28.6,1000.7,69,0,3.7,9.3,16.5,-,,,,,2017,7
28,,,,,,,,,,,o,,,,2017,7
29,,,,,,,,,,,,,,,2017,7
30,,,,,,,,,,,,,,,2017,7
31,28.3,34.1,27,1001.1,89,-,2.1,4.6,18.3,-,o,,o,,2017,7
1,28.8,32,26.8,1001.6,84,-,2.3,9.6,18.3,-,o,,,,2017,8
2,29.8,32,27,1000.2,78,0,2.7,10.2,14.8,-,,,,,2017,8
3,31.2,35,27.3,997.2,69,0,2.9,18.7,27.8,-,,,,,2017,8
4,,,,,,,,,,,,,,,2017,8
5,,,,,,,,,,,,,,,2017,8
6,,,,,,,,,,,o,,,,2017,8
7,29.8,36.1,26,1001.8,84,-,2.3,3.5,11.1,-,o,,o,,2017,8
8,31.7,36,26.5,1001.5,77,29.97,2.7,4.8,13,-,o,,,,2017,8
9,29.2,35.6,27,999.3,87,0,1.6,3.5,18.3,-,o,,o,,2017,8
10,,,,,,,,,,,,,,,2017,8
11,,,,,,,,,,,,,,,2017,8
12,,,,,,,,,,,,,,,2017,8
13,31.3,35,27.3,1001.2,68,0,2.9,13.1,22.2,-,,,,,2017,8
14,31.6,36,27.4,1003.3,63,0,3.7,7.2,14.8,-,,,,,2017,8
15,32.4,37,28.5,-,62,0,3.4,10.7,22.2,-,,,,,2017,8
16,,,,,,,,,,,,,,,2017,8
17,,,,,,,,,,,,,,,2017,8
18,,,,,,,,,,,,,,,2017,8
19,27.9,37.8,26,1003.2,92,-,1.6,6.1,14.8,-,o,,,,2017,8
20,32,36,26.5,1001.8,70,0,3.1,9.6,28.7,-,,,,,2017,8
21,32.1,36,28.3,1001.3,72,0,3.2,8.5,16.5,-,,,,,2017,8
22,,,,,,,,,,,o,,,,2017,8
23,,,,,,,,,,,o,,o,,2017,8
24,,,,,,,,,,,,,,,2017,8
25,31.1,35,27.2,999.9,76,-,2.4,3.9,11.1,-,o,,o,,2017,8
26,29.1,35.3,25.2,1000.4,84,-,2.4,4.3,22.2,-,o,,,,2017,8
27,31,36,24.8,1000,71,-,3.2,3.7,9.4,-,o,,,,2017,8
28,,,,,,,,,,,o,,,,2017,8
29,,,,,,,,,,,o,,,,2017,8
30,,,,,,,,,,,,,,,2017,8
31,28.2,35.5,25.6,1003.7,89,-,1.6,6.1,20.6,-,o,,o,,2017,8
1,28.7,33,25.5,1002.6,81,-,2.3,9.4,22.2,-,o,,,,2017,9
2,28.2,32.6,26,1002.8,78,-,2.7,9.8,22.2,-,o,,,,2017,9
3,30.7,35,25.2,1003.9,70,0,3.4,8.1,18.3,-,,,,,2017,9
4,,,,,,,,,,,,,,,2017,9
5,,,,,,,,,,,o,,,,2017,9
6,,,,,,,,,,,,,,,2017,9
7,28.9,36.1,24.2,1005.5,76,0,2.9,6.7,13,-,o,,,,2017,9
8,31.2,35,26.5,1005.5,67,0,2.7,5.7,13,-,,,,,2017,9
9,31.6,35.1,26.8,1003.9,65,0,3.1,6.7,11.1,-,,,,,2017,9
10,,,,,,,,,,,,,,,2017,9
11,,,,,,,,,,,,,,,2017,9
12,,,,,,,,,,,,,,,2017,9
13,32.2,36.2,27,1006.2,63,0,2.9,4.6,11.1,-,,,,,2017,9
14,32.1,36.6,27.5,1005.6,67,0,2.4,3,7.6,-,,,,,2017,9
15,32.7,36.1,27,1005.1,53,0,2.9,6.7,14.8,-,,,,,2017,9
16,,,,,,,,,,,,,,,2017,9
17,,,,,,,,,,,,,,,2017,9
18,,,,,,,,,,,,,,,2017,9
19,31.6,36,25.6,1002.8,59,0,2.6,1.1,7.6,-,,,,,2017,9
20,31.6,37,25,1002.9,57,0,2.7,3,11.1,-,,,,,2017,9
21,30.7,36.9,24.8,1002.7,69,0,2.9,6.9,11.1,-,,,,,2017,9
22,,,,,,,,,,,o,,,,2017,9
23,,,,,,,,,,,o,,,,2017,9
24,,,,,,,,,,,,,,,2017,9
25,30.2,35,23.8,1004.5,67,0,3.1,8.9,14.8,-,,,,,2017,9
26,30.4,35.1,25,1005.7,66,0,3.4,5.7,18.3,-,,,,,2017,9
27,30.8,36,23.8,1005.9,58,0,3.1,2.6,11.1,-,,,,,2017,9
28,,,,,,,,,,,,,,,2017,9
29,,,,,,,,,,,,,,,2017,9
30,,,,,,,,,,,,,,,2017,9
1,28.8,36,22,1005.9,55,0,3.4,5.7,22.2,-,,,,,2017,10
2,29.9,36.4,21.9,1006,47,0,3.9,8,24.1,-,,,,,2017,10
3,30.5,36.4,21.3,1007.9,53,0,3.7,7.2,14.8,-,,,,,2017,10
4,,,,,,,,,,,,,,,2017,10
5,,,,,,,,,,,,,,,2017,10
6,,,,,,,,,,,,,,,2017,10
7,29.6,36,21.6,1007.6,54,0,2.9,6.1,18.3,-,,,,,2017,10
8,28.8,35.8,22.4,1006.9,63,0,2.6,3.9,11.1,-,,,,,2017,10
9,29.6,36,22.5,1007.6,58,0,2.7,2.4,11.1,-,,,,,2017,10
10,,,,,,,,,,,,,,,2017,10
11,,,,,,,,,,,,,,,2017,10
12,,,,,,,,,,,,,,,2017,10
13,29,35,21.6,1004.5,57,0,2.6,4.4,14.8,-,,,,,2017,10
14,28.8,36.4,21.5,1004.4,56,0,2.6,2.4,13,-,,,,,2017,10
15,28.2,36.5,19.2,1005.1,54,0,2.7,3.5,16.5,-,,,,,2017,10
16,,,,,,,,,,,,,,,2017,10
17,,,,,,,,,,,,,,,2017,10
18,,,,,,,,,,,,,,,2017,10
19,28.5,36,19.4,1008.8,58,0,2.4,0.6,9.4,-,,,,,2017,10
20,27.8,36.3,20.5,1007.5,62,0,1.3,2,13,-,,,,,2017,10
21,25.9,35.3,18.4,1005.6,61,0,1.6,3.1,11.1,-,,,,,2017,10
22,,,,,,,,,,,,,,,2017,10
23,,,,,,,,,,,,,,,2017,10
24,,,,,,,,,,,,,,,2017,10
25,23.8,33,17,1013.7,63,0,1.6,2.6,7.6,-,,,,,2017,10
26,23.8,33.1,16.1,1014,67,0,1.9,0.7,5.4,-,,,,,2017,10
27,23.8,33.2,17.3,1012.8,69,0,1.8,0.7,5.4,-,,,,,2017,10
28,,,,,,,,,,,,,,,2017,10
29,,,,,,,,,,,,,,,2017,10
30,,,,,,,,,,,,,,,2017,10
31,22.6,30,16.4,1013.3,77,0,1.1,0,-,-,,,,,2017,10
1,23.5,31.4,17.6,1014,72,0,1.6,1.7,9.4,-,,,,,2017,11
2,23.3,32,19.4,1012.9,79,0,1.3,2.6,9.4,-,,,,,2017,11
3,22.7,30.3,17.5,1013.5,78,0,1.1,0.4,3.5,-,,,,,2017,11
4,,,,,,,,,,,,,,,2017,11
5,,,,,,,,,,,,,,,2017,11
6,,,,,,,,,,,,,,,2017,11
7,21.1,30,16,1014.4,73,0,0.6,1.9,11.1,-,,,,o,2017,11
8,19.7,30.2,14,1014,82,0,0.3,0.4,3.5,-,,,,o,2017,11
9,20.1,30.4,13.8,1013.2,71,0,0.5,0.9,7.6,-,,,,o,2017,11
10,,,,,,,,,,,,,,o,2017,11
11,,,,,,,,,,,,,,o,2017,11
12,,,,,,,,,,,,,,o,2017,11
13,19.3,28.5,12.4,1010.9,74,0,0.6,0.4,3.5,-,,,,o,2017,11
14,20.1,28.5,14.6,1011.2,73,0,0.8,1.9,7.6,-,,,,,2017,11
15,18.8,27.7,13.2,1012.4,76,0,1.1,0.6,-,-,,,,,2017,11
16,,,,,,,,,,,,,,,2017,11
17,,,,,,,,,,,o,,,,2017,11
18,,,,,,,,,,,,,,,2017,11
19,18.1,24.3,13.5,1016.5,60,0,1.8,5.6,14.8,-,,,,,2017,11
20,15.9,24.5,9.4,1017.3,58,0,1.4,3.9,11.1,-,,,,,2017,11
21,16,24.4,10.2,1015.1,59,0,1.8,5.2,18.3,-,,,,,2017,11
22,,,,,,,,,,,,,,,2017,11
23,,,,,,,,,,,,,,,2017,11
24,,,,,,,,,,,,,,,2017,11
25,16.9,26.5,8.6,1016,57,0,1.9,3.5,9.4,-,,,,,2017,11
26,16.9,27.5,8.6,1016.7,63,0,1.6,1.1,9.4,-,,,,,2017,11
27,16.3,27.5,9,1013.9,63,0,1.9,5,13,-,,,,,2017,11
28,,,,,,,,,,,,,,,2017,11
29,,,,,,,,,,,,,,,2017,11
30,,,,,,,,,,,,,,,2017,11
1,15.7,27.1,8.2,1015.7,66,0,1.6,1.7,13,-,,,,,2017,12
2,15.2,26,7.4,1017,65,0,1.6,0,-,-,,,,,2017,12
3,15.1,26.4,8,1016.6,72,0,1.3,0.7,5.4,-,,,,,2017,12
4,,,,,,,,,,,,,,,2017,12
5,,,,,,,,,,,,,,,2017,12
6,,,,,,,,,,,,,,,2017,12
7,17.4,25,12,1015.7,47,-,1.9,6.1,22.2,-,o,,,,2017,12
8,16.6,25.2,9.4,1015.4,52,0,1.9,6.7,22.2,-,,,,,2017,12
9,16.1,26.6,0.7,1015.3,60,0,1.9,1.7,9.4,-,,,,,2017,12
10,,,,,,,,,,,,,,,2017,12
11,,,,,,,,,,,o,,o,,2017,12
12,,,,,,,,,,,,,,,2017,12
13,15.7,21.7,12,1018.2,85,0,1,3.3,7.6,-,,,,o,2017,12
14,13.6,21.3,9.6,1020.1,83,0,0.8,4.8,11.1,-,,,,o,2017,12
15,12.7,19.5,8,1021,78,0,1,6.1,11.1,-,,,,,2017,12
16,,,,,,,,,,,,,,,2017,12
17,,,,,,,,,,,,,,,2017,12
18,,,,,,,,,,,,,,,2017,12
19,15.2,25.6,9.6,1019.9,70,0,1.4,4.4,9.4,-,,,,,2017,12
20,16.4,23.7,9.6,1020.6,82,0,0.5,2.8,9.4,-,,,,o,2017,12
21,17.4,25,12,1020.8,76,0,0.8,1.3,9.4,-,,,,o,2017,12
22,,,,,,,,,,,,,,o,2017,12
23,,,,,,,,,,,,,,,2017,12
24,,,,,,,,,,,,,,,2017,12
25,13.5,25.1,7,1017.8,79,0,1,3.9,13,-,,,,o,2017,12
26,14.4,23.2,7.1,1017.7,74,0,1.3,2,7.6,-,,,,o,2017,12
27,15.1,25,7.6,1017.1,71,0,1.3,3.5,13,-,,,,,2017,12
28,,,,,,,,,,,,,,,2017,12
29,,,,,,,,,,,,,,,2017,12
30,,,,,,,,,,,,,,o,2017,12
31,-,-,-,-,-,-,-,-,-,-,-,-,-,-,2017,12
1,12.2,23.9,5.7,1014.5,88,0,0.3,0.7,5.4,-,,,,o,2018,1
2,11.8,20.1,8.4,1015.3,89,0,0.3,2.8,9.4,-,,,,o,2018,1
3,11.3,18.2,6.7,1015.6,85,0,0.6,3.5,9.4,-,,,,o,2018,1
4,,,,,,,,,,,,,,o,2018,1
5,,,,,,,,,,,,,,o,2018,1
6,,,,,,,,,,,,,,o,2018,1
7,13.2,20.8,6.4,1015.2,69,0,1.4,8.5,14.8,-,,,,o,2018,1
8,12.1,20.7,5,1017.6,72,0,1.4,3.9,11.1,-,,,,,2018,1
9,12.2,21.7,4.2,1019.1,75,0,1.4,5.7,18.3,-,,,,o,2018,1
10,,,,,,,,,,,,,,,2018,1
11,,,,,,,,,,,,,,,2018,1
12,,,,,,,,,,,o,,,,2018,1
13,13.6,23.7,5.5,1016.1,68,0,1.4,4.4,18.3,-,,,,o,2018,1
14,14,23.7,5.7,1016.2,69,0,2.3,4.8,14.8,-,,,,,2018,1
15,14.7,25,6.4,1015.6,70,0,1.4,9.4,24.1,-,,,,,2018,1
16,,,,,,,,,,,,,,,2018,1
17,,,,,,,,,,,,,,o,2018,1
18,,,,,,,,,,,,,,o,2018,1
19,15.8,24.2,9.5,1016,79,0,1,4.6,11.1,-,,,,o,2018,1
20,14.2,24.9,8,1014.9,75,0,0.6,5,13,-,,,,o,2018,1
21,13.9,25.2,5,1014.7,70,0,1.9,0.4,3.5,-,,,,o,2018,1
22,,,,,,,,,,,,,,,2018,1
23,,,,,,,,,,,o,,o,,2018,1
24,,,,,,,,,,,,,,o,2018,1
25,12.5,18.9,8.8,1013.4,90,0,0.6,8.3,16.5,-,,,,o,2018,1
26,12.1,18.4,7,1014.1,89,0,0.5,4.4,9.4,-,,,,o,2018,1
27,13,20.2,8,1014.4,79,0,0.6,4.3,9.4,-,,,,o,2018,1
28,,,,,,,,,,,,,,o,2018,1
29,,,,,,,,,,,,,,o,2018,1
30,,,,,,,,,,,,,,,2018,1
31,17.2,26.9,9.9,1014.3,69,0,1.4,13,25.9,-,,,,,2018,1
1,18.7,27.2,11,1013.9,69,0,1.4,3,13,-,,,,,2018,2
2,17.7,27.8,10.5,1012.7,69,0,1.6,3.7,14.8,-,,,,,2018,2
3,16,26.5,9.3,1015.4,57,0,1.4,4.4,13,-,,,,,2018,2
4,,,,,,,,,,,,,,,2018,2
5,,,,,,,,,,,,,,,2018,2
6,,,,,,,,,,,,,,,2018,2
7,15,23.6,8.5,1014.6,55,0,1.4,7.4,22.2,-,,,,,2018,2
8,13.9,24.1,5.5,1013.8,61,0,1.6,1.7,9.4,-,,,,,2018,2
9,14.6,24,6.1,1014.4,59,0,1.3,2.2,7.6,-,,,,,2018,2
10,,,,,,,,,,,,,,,2018,2
11,,,,,,,,,,,,,,,2018,2
12,,,,,,,,,,,,,,,2018,2
13,16.4,23.4,9,1022.5,75,0,1.6,5.2,14.8,-,,,,,2018,2
14,16.4,23.5,10.2,1021.6,63,0,1.8,11.1,25.9,-,,,,,2018,2
15,17.5,23.4,11.6,1019.6,66,0,2.4,9.8,25.9,-,,,,,2018,2
16,,,,,,,,,,,,,,,2018,2
17,,,,,,,,,,,,,,,2018,2
18,,,,,,,,,,,,,,,2018,2
19,18.1,26.6,10,1013.9,60,0,1.6,3.3,18.3,-,,,,,2018,2
20,19,28.2,10.1,1012.9,62,0,2.1,4.4,14.8,-,,,,,2018,2
21,21.5,31.2,12.5,1010.5,59,0,1.8,1.5,5.4,-,,,,,2018,2
22,,,,,,,,,,,,,,,2018,2
23,,,,,,,,,,,,,,,2018,2
24,,,,,,,,,,,,,,,2018,2
25,22.5,31.6,17,1015.4,65,0,1.9,7.4,16.5,-,,,,,2018,2
26,21.1,29.4,14.5,1012.8,64,0,2.6,11.3,25.9,-,,,,,2018,2
27,22.3,29.8,15.4,1012.6,65,0,1.9,6.3,24.1,-,,,,,2018,2
28,,,,,,,,,,,,,,o,2018,2
1,21.7,30.7,14.9,1010.8,62,0,1.6,1.7,7.6,-,,,,,2018,3
2,22.9,31,15.5,1009,58,0,2.3,3.9,14.8,-,,,,,2018,3
3,24.1,32.3,16.6,1006.9,53,0,2.1,2,9.4,-,,,,,2018,3
4,,,,,,,,,,,,,,,2018,3
5,,,,,,,,,,,,,,,2018,3
6,,,,,,,,,,,,,,,2018,3
7,21.8,29.4,14.7,1012.3,53,0,2.6,7.6,22.2,-,,,,,2018,3
8,22.6,31.6,13.3,1013.2,57,0,2.3,3.1,14.8,-,,,,,2018,3
9,23.4,32.2,14.8,1013.1,52,0,1.8,3.5,11.1,-,,,,,2018,3
10,,,,,,,,,,,,,,,2018,3
11,,,,,,,,,,,,,,,2018,3
12,,,,,,,,,,,,,,,2018,3
13,25.9,35.6,17.1,1008.9,45,0,2.3,2.8,11.1,-,,,,,2018,3
14,24.8,36.2,17,1007.1,47,0,2.7,1.9,9.4,-,,,,,2018,3
15,25,34.1,17.2,1007.8,51,0,2.6,11.3,27.8,-,,,,,2018,3
16,,,,,,,,,,,,,,,2018,3
17,,,,,,,,,,,,,,,2018,3
18,,,,,,,,,,,,,,,2018,3
19,24.6,34.4,15,1012.9,44,0,2.3,4.4,14.8,-,,,,,2018,3
20,26.1,35,16.5,1009.2,45,0,2.6,2.2,5.4,-,,,,,2018,3
21,26.1,35,21,1007.8,53,0,2.6,5.6,14.8,-,,,,,2018,3
22,,,,,,,,,,,,,,,2018,3
23,,,,,,,,,,,,,,,2018,3
24,,,,,,,,,,,,,,,2018,3
25,25.7,32.3,18.5,1013.6,49,0,1.9,8.7,22.2,-,,,,,2018,3
26,26.3,33.6,19.5,1011,44,0,2.6,9.1,22.2,-,,,,,2018,3
27,27.1,36.8,17.3,1007.9,38,0,3.2,4.6,14.8,-,,,,,2018,3
28,,,,,,,,,,,,,,,2018,3
29,,,,,,,,,,,,,,,2018,3
30,,,,,,,,,,,,,,,2018,3
31,26.9,36.2,20,1007.6,51,0,2.9,9.1,14.8,-,,,,,2018,3
1,27.8,34.8,20,1008.6,52,0,2.7,6.1,11.1,-,,,,,2018,4
2,27.6,36.2,20.8,1009,53,0,2.6,4.8,11.1,-,,,,,2018,4
3,29.4,38.2,21.4,1007.2,49,0,2.6,2.6,5.4,-,,,,,2018,4
4,,,,,,,,,,,,,,,2018,4
5,,,,,,,,,,,,,,,2018,4
6,,,,,,,,,,,o,,,,2018,4
7,27.9,36.6,19,1008.3,57,5.08,2.7,5.9,9.4,-,,,,,2018,4
8,29.4,35.6,23,1008.8,51,0,2.3,9.1,18.3,-,,,,,2018,4
9,25.2,36.3,20.2,1010.1,67,2.03,2.9,6.7,22.2,-,o,,o,,2018,4
10,,,,,,,,,,,,,,,2018,4
11,,,,,,,,,,,,,,,2018,4
12,,,,,,,,,,,o,,,,2018,4
13,25.8,34.4,18.2,1008.3,38,0,2.3,3,14.8,-,,,,,2018,4
14,28.1,36,18.2,1006.8,36,0,3.1,4.6,14.8,-,,,,,2018,4
15,30.1,38,20.5,1006,39,0,2.7,3.1,11.1,-,,,,,2018,4
16,,,,,,,,,,,,,,,2018,4
17,,,,,,,,,,,,,,,2018,4
18,,,,,,,,,,,,,,,2018,4
19,31.1,39,23,1003,32,0,2.6,5,22.2,-,,,,,2018,4
20,32.7,39.4,24,1002.6,26,0,1.9,12.4,33.5,-,,,,,2018,4
21,29.2,39.5,24,1007.9,31,0,2.6,9.1,14.8,-,,,,,2018,4
22,,,,,,,,,,,,,,,2018,4
23,,,,,,,,,,,,,,,2018,4
24,,,,,,,,,,,,,,,2018,4
25,31.7,41.4,20.8,1002.3,26,0,2.6,5.6,18.3,-,,,,,2018,4
26,33.2,41.6,25.5,1001.5,31,0,1.9,4.8,13,-,,,,,2018,4
27,32.4,42,26.4,1004.7,48,0,3.1,7,9.4,-,,,,,2018,4
28,,,,,,,,,,,,,,,2018,4
29,,,,,,,,,,,,,,,2018,4
30,,,,,,,,,,,,,,,2018,4
1,31.7,40,26.5,1003.4,52,0,2.7,10,14.8,-,,,,,2018,5
2,28.8,37.6,20.2,1004.7,59,12.95,1.6,13.7,31.3,68.3,o,,,,2018,5
3,29.6,34.2,25,1005.8,52,0,1.9,10,14.8,-,,,,,2018,5
4,,,,,,,,,,,o,,,,2018,5
5,,,,,,,,,,,,,,,2018,5
6,,,,,,,,,,,,,,,2018,5
7,31.2,38,24,1003.2,40,0,1.9,11.7,37,-,,,,,2018,5
8,29.1,39.6,24.6,1004.3,43,0,1.8,7.4,22.2,-,,,o,,2018,5
9,28.3,35.2,22.4,1006.1,57,0,1.9,3.3,11.1,-,o,,o,,2018,5
10,,,,,,,,,,,,,,,2018,5
11,,,,,,,,,,,,,,,2018,5
12,,,,,,,,,,,,,,,2018,5
13,29.9,42.2,24.4,1003.5,56,7.87,1.8,12,31.3,-,o,,o,,2018,5
14,30.2,35.6,24,1004.6,53,0,2.6,6.7,9.4,-,,,,,2018,5
15,32.2,37.4,26.4,1002.2,54,0,2.7,5.2,16.5,-,,,,,2018,5
16,,,,,,,,,,,,,,,2018,5
17,,,,,,,,,,,,,,,2018,5
18,,,,,,,,,,,,,,,2018,5
19,33.1,41.2,26.4,1001.7,40,0,1.9,4.4,14.8,-,,,,,2018,5
20,33.2,41.4,27,1002.8,33,0,2.6,3.1,14.8,-,,,,,2018,5
21,34.1,41.2,25.5,1002.9,26,0,2.7,5.9,16.5,-,,,,,2018,5
22,,,,,,,,,,,,,,,2018,5
23,,,,,,,,,,,,,,,2018,5
24,,,,,,,,,,,,,,,2018,5
25,34.5,43,23.8,1000.1,25,0,2.7,6.5,22.2,-,,,,,2018,5
26,34.5,44,24.5,998.9,27,0,1.9,4.4,18.3,-,,,,,2018,5
27,36.1,45,26.3,998.1,24,0,2.7,8.7,25.9,-,,,,,2018,5
28,,,,,,,,,,,,,,,2018,5
29,,,,,,,,,,,,,,,2018,5
30,,,,,,,,,,,,,,,2018,5
31,35.9,42,29.4,999.7,46,0,2.7,7,14.8,-,,,,,2018,5
1,34.6,42.1,28.4,1000.7,50,0,2.6,12.8,33.5,-,,,,,2018,6
2,32.3,42,26.6,1001.6,53,0,2.7,12,18.3,-,,,,,2018,6
3,34,39.2,27.7,998.6,56,0,2.6,9.6,14.8,-,,,,,2018,6
4,,,,,,,,,,,,,,,2018,6
5,,,,,,,,,,,,,,,2018,6
6,,,,,,,,,,,,,,,2018,6
7,35.8,40.8,29.2,997,53,0,1.9,6.5,11.1,-,,,,,2018,6
8,35.2,41.4,32,994.3,55,0,1.9,11.3,18.3,-,,,,,2018,6
9,30.3,40.5,25.6,995.1,75,5.08,1.4,11.5,33.5,-,o,,,,2018,6
10,,,,,,,,,,,,,,,2018,6
11,,,,,,,,,,,,,,,2018,6
12,,,,,,,,,,,,,,,2018,6
13,37.8,41.7,34,990.4,41,0,1.6,19.4,33.5,-,,,,,2018,6
14,36.8,41.2,33,992.5,41,0,1.6,16.9,25.9,-,,,,,2018,6
15,36.7,40.5,33.4,994.7,43,0,1.9,17.4,27.8,-,,,,,2018,6
16,,,,,,,,,,,,,,,2018,6
17,,,,,,,,,,,,,,,2018,6
18,,,,,,,,,,,,,,,2018,6
19,34.2,39.4,26.5,998.2,49,0,2.6,5.9,16.5,-,,,,,2018,6
20,35.2,40.2,29.8,998.9,55,0,2.6,1.9,5.4,-,,,,,2018,6
21,36.2,41.9,30.9,998.2,50,0,1.9,3.5,11.1,-,,,,,2018,6
22,,,,,,,,,,,,,,,2018,6
23,,,,,,,,,,,,,,,2018,6
24,,,,,,,,,,,,,,,2018,6
25,36.6,42.2,32.6,993.8,42,0,2.1,11.3,31.7,-,,,,,2018,6
26,32.4,42.7,30.7,995.5,59,0,1.9,5.4,11.1,-,,,,,2018,6
27,30.3,37.5,26.2,997.8,76,3.05,1.9,10.2,18.3,-,o,,o,,2018,6
28,,,,,,,,,,,o,,,,2018,6
29,,,,,,,,,,,o,,,,2018,6
30,,,,,,,,,,,,,,,2018,6
1,32.6,36.2,29,997.2,68,0,1.9,11.9,22.2,-,,,,,2018,7
2,31.2,37.4,24.4,995.6,66,22.1,2.9,12,24.1,-,o,,o,,2018,7
3,32.1,37.8,23.6,995.7,70,0,2.3,6.3,13,-,,,,,2018,7
4,,,,,,,,,,,o,,,,2018,7
5,,,,,,,,,,,,,,,2018,7
6,,,,,,,,,,,,,,,2018,7
7,33.7,37.8,28.2,997,59,0,1.9,3.1,14.8,-,,,,,2018,7
8,35.2,39.4,28.5,995.6,55,0,3.1,3.3,7.6,-,,,,,2018,7
9,33.4,40.1,30.8,996.1,71,0,1.9,9.4,14.8,-,,,,,2018,7
10,,,,,,,,,,,,,,,2018,7
11,,,,,,,,,,,,,,,2018,7
12,,,,,,,,,,,,,,,2018,7
13,29.3,37.8,26.2,996.9,85,54.1,1.9,3.7,9.4,-,o,,,,2018,7
14,30.3,34.2,25.4,996.2,82,0,1.9,3.7,11.1,-,,,,,2018,7
15,31.8,35.2,27.6,996.2,77,0,1.9,5.6,11.1,-,,,,,2018,7
16,,,,,,,,,,,o,,,,2018,7
17,,,,,,,,,,,,,,,2018,7
18,,,,,,,,,,,,,,,2018,7
19,32.8,37.3,28.8,996.9,73,0,2.6,5.2,11.1,-,,,,,2018,7
20,29.2,37.8,26,996.8,87,23.88,1.9,1.9,5.4,-,o,,,,2018,7
21,29.2,33.4,27,997.3,89,7.11,1.9,2.8,7.6,-,o,,,,2018,7
22,,,,,,,,,,,,,,,2018,7
23,,,,,,,,,,,,,,,2018,7
24,,,,,,,,,,,,,,,2018,7
25,29.5,36.7,28,997.3,84,1.02,1.9,3.9,9.4,-,o,,,,2018,7
26,26.9,32.2,25.8,997.6,95,5.08,1.9,6.5,11.1,-,o,,,,2018,7
27,26.7,28.7,25.2,996.7,95,45.97,1.9,3.1,13,-,o,,,,2018,7
28,,,,,,,,,,,o,,,,2018,7
29,,,,,,,,,,,o,,,,2018,7
30,,,,,,,,,,,,,,,2018,7
31,30,34.5,27.2,997,76,0,1.9,8.3,14.8,-,,,,,2018,7
1,31.5,35,26,997,71,0.51,2.7,5,14.8,-,,,,,2018,8
2,32.1,35.6,28.2,998.3,67,0,2.3,13,22.2,-,,,,,2018,8
3,31.5,35.8,28.2,998.6,68,0,2.3,11.7,22.2,-,,,,,2018,8
4,,,,,,,,,,,,,,,2018,8
5,,,,,,,,,,,o,,,,2018,8
6,,,,,,,,,,,o,,,,2018,8
7,28.2,31.8,26.4,999.2,89,2.03,1.9,2.6,7.6,-,o,,,,2018,8
8,30.4,33.4,26.5,999.9,83,4.06,1.9,4.6,9.4,-,o,,,,2018,8
9,32,35.4,27.6,1001.8,73,0.51,2.3,4.6,14.8,-,,,,,2018,8
10,,,,,,,,,,,o,,o,,2018,8
11,,,,,,,,,,,,,,,2018,8
12,,,,,,,,,,,o,,,,2018,8
13,30.4,33.2,27.6,997.1,78,7.87,1.9,1.7,7.6,-,,,,,2018,8
14,30.8,34.4,27.4,997.6,80,0.51,2.3,4.3,9.4,-,o,,,,2018,8
15,31.1,35.3,28.4,999.9,73,8.89,2.6,5.6,14.8,-,,,,,2018,8
16,,,,,,,,,,,o,,,,2018,8
17,,,,,,,,,,,,,,,2018,8
18,,,,,,,,,,,o,,,,2018,8
19,28.5,36.3,26.6,998.4,91,5.08,1.9,0,-,-,o,,,,2018,8
20,30,33.6,25.9,999.8,83,40.89,1.9,4.3,9.4,-,,,,,2018,8
21,31.7,36.4,26.2,999.2,73,0,1.9,4.6,9.4,-,,,,,2018,8
22,,,,,,,,,,,o,,,,2018,8
23,,,,,,,,,,,o,,,,2018,8
24,,,,,,,,,,,,,,,2018,8
25,30.3,34.4,27,998.5,73,0,2.6,11.3,24.1,-,,,,,2018,8
26,31,34.2,27,998,73,0,3.2,7.8,24.1,-,,,,,2018,8
27,29.6,34.9,26.5,999.8,83,2.03,2.6,2.6,9.4,-,o,,,,2018,8
28,,,,,,,,,,,o,,,,2018,8
29,,,,,,,,,,,o,,,,2018,8
30,,,,,,,,,,,,,,,2018,8
31,30.9,35.1,28,1000,76,0,2.3,4.8,11.1,-,,,,,2018,8
1,27.1,34,23.5,1002.6,93,24.89,1.8,4.8,16.5,-,o,,o,,2018,9
2,26.7,29.4,25,1002.3,92,24.89,1.9,4.6,11.1,-,o,,,,2018,9
3,26.7,29,25.6,1002.4,95,36.07,1.6,0.4,3.5,-,o,,,,2018,9
4,,,,,,,,,,,o,,,,2018,9
5,,,,,,,,,,,o,,,,2018,9
6,,,,,,,,,,,o,,o,,2018,9
7,28.3,34.6,24.6,1003.2,86,20.07,2.1,1.7,9.4,-,o,,,,2018,9
8,28.7,34.1,25.5,1003.5,83,2.03,2.6,9.3,22.2,-,,,o,,2018,9
9,28.6,33.6,25,1005.2,80,6.1,3.1,8.1,11.1,-,,,,,2018,9
10,,,,,,,,,,,,,,,2018,9
11,,,,,,,,,,,,,,,2018,9
12,,,,,,,,,,,,,,,2018,9
13,30.3,33.6,26.5,1003.3,67,0,2.6,13,18.3,-,,,,,2018,9
14,29.5,34.4,22.2,1005.7,70,0,3.4,7,14.8,-,,,,,2018,9
15,30.6,34.6,25.5,1007.3,60,0,4,8.1,13,-,,,,,2018,9
16,,,,,,,,,,,,,,,2018,9
17,-,-,-,-,-,-,-,-,-,-,-,-,-,-,2018,9
18,,,,,,,,,,,,,,,2018,9
19,,,,,,,,,,,,,,,2018,9
20,30,35.4,24,1005.2,66,0,2.7,2.8,7.6,-,,,,,2018,9
21,28.3,35.7,23.8,1008,75,0,2.6,9.1,14.8,-,o,,,,2018,9
22,25.8,34,22.2,1008,91,26.92,1.9,10.9,18.3,-,o,,,,2018,9
23,,,,,,,,,,,o,,,,2018,9
24,-,-,-,-,-,-,-,-,-,-,-,-,-,-,2018,9
25,,,,,,,,,,,o,,,,2018,9
26,,,,,,,,,,,,,,,2018,9
27,28,33.2,22.6,1007.8,75,0,2.7,2.4,7.6,-,,,,,2018,9
28,29.3,35.4,23.2,1008.3,63,0,2.6,2,11.1,-,,,,,2018,9
29,28.9,35.5,23.4,1009.1,65,0,2.3,2.6,11.1,-,,,,,2018,9
30,,,,,,,,,,,,,,,2018,9
1,28.2,34.8,22.2,1008.4,66,0,2.7,2.6,9.4,-,,,,,2018,10
2,28.7,35.2,22.5,1008.8,63,0,2.6,0.4,3.5,-,,,,,2018,10
3,28.8,35.6,22.5,1008.5,59,0,2.6,0.4,3.5,-,,,,,2018,10
4,,,,,,,,,,,,,,,2018,10
5,,,,,,,,,,,,,,,2018,10
6,,,,,,,,,,,,,,,2018,10
7,26.4,34.6,20.2,1010,63,0,2.3,1.9,7.6,-,,,,,2018,10
8,27.5,34.8,20.1,1008.1,63,0,1.9,2,9.4,-,,,,,2018,10
9,27.8,35.3,22.4,1007.4,66,0,1.9,3.7,9.4,-,,,,,2018,10
10,,,,,,,,,,,,,,,2018,10
11,,,,,,,,,,,,,,,2018,10
12,,,,,,,,,,,,,,,2018,10
13,23.8,32.4,16.6,1012.7,62,0,1.8,0,-,-,,,,,2018,10
14,24.2,31.8,17.3,1011.6,58,0,2.6,5.4,14.8,-,,,,,2018,10
15,25.7,32.5,17,1012.1,58,0,2.6,3,9.4,-,,,,,2018,10
16,,,,,,,,,,,,,,,2018,10
17,,,,,,,,,,,,,,,2018,10
18,,,,,,,,,,,,,,,2018,10
19,27.1,34,17.8,1011,54,0,2.3,2.8,9.4,-,,,,,2018,10
20,26,33.8,17.4,1013.8,52,0,2.4,2,7.6,-,,,,,2018,10
21,24.8,32.9,17,-,54,0,2.6,3.3,13,-,,,,,2018,10
22,,,,,,,,,,,,,,,2018,10
23,,,,,,,,,,,,,,,2018,10
24,,,,,,,,,,,,,,,2018,10
25,24.5,32.5,15,1014.8,58,0,2.4,2,7.6,-,,,,,2018,10
26,24.2,32.4,15.8,1016.8,59,0,2.1,0.6,5.4,-,,,,,2018,10
27,24.2,31,15.6,1016.7,62,0,1.9,2.4,9.4,-,,,,,2018,10
28,,,,,,,,,,,,,,,2018,10
29,,,,,,,,,,,,,,,2018,10
30,,,,,,,,,,,,,,o,2018,10
31,24.1,31,16,1015.3,63,0,1.6,2.2,10.7,-,,,,,2018,10
1,24.1,31.1,16,1014.3,65,0,1.6,5,14.4,-,,,,,2018,11
2,24.6,32,16,1012.1,63,0,1.6,4.1,7.6,-,,,,,2018,11
3,25.2,31.6,18.5,1011.7,63,0.25,1.9,9.4,14.8,-,,,,,2018,11
4,,,,,,,,,,,,,,,2018,11
5,,,,,,,,,,,,,,,2018,11
6,,,,,,,,,,,,,,,2018,11
7,20.3,28,12.5,1015.7,44,0,3.1,8.3,18.3,-,,,,,2018,11
8,18.6,27.8,10.5,1014.7,58,0,1.4,1.1,3.5,-,,,,o,2018,11
9,21.5,29,11,-,59,0,1.4,2.4,-,-,,,,,2018,11
10,,,,,,,,,,,,,,,2018,11
11,,,,,,,,,,,,,,,2018,11
12,,,,,,,,,,,,,,,2018,11
13,21.9,30.2,14.2,1009.6,74,0.25,1.3,4.1,9.4,-,o,,,,2018,11
14,22.2,29.4,17.6,1011.4,77,7.11,2.3,5.4,14.8,-,o,,,,2018,11
15,22.2,28.5,16.2,1015.2,67,1.02,2.4,4.8,9.4,-,,,,,2018,11
16,,,,,,,,,,,,,,,2018,11
17,-,-,-,-,-,-,-,-,-,-,-,-,-,-,2018,11
18,-,-,-,-,-,-,-,-,-,-,-,-,-,-,2018,11
19,-,-,-,-,-,-,-,-,-,-,-,-,-,-,2018,11
20,-,-,-,-,-,-,-,-,-,-,-,-,-,-,2018,11
21,-,-,-,-,-,-,-,-,-,-,-,-,-,-,2018,11
22,-,-,-,-,-,-,-,-,-,-,-,-,-,-,2018,11
23,,,,,,,,,,,,,,,2018,11
24,,,,,,,,,,,,,,,2018,11
25,19.3,27.9,10.4,1016.4,59,0,2.9,2,9.4,-,,,,,2018,11
26,19.8,27.2,10.5,1016.3,64,0,2.1,0.7,5.4,-,,,,,2018,11
27,20.8,28.2,10.7,1018,65,0,1.9,0.9,5.4,-,,,,,2018,11
28,,,,,,,,,,,,,,,2018,11
29,,,,,,,,,,,,,,,2018,11
30,,,,,,,,,,,,,,,2018,11
1,19.6,26.4,10.8,-,60,0,2.6,5.4,14.8,-,,,,,2018,12
2,19.6,28,9,1014.6,56,0,2.4,2.4,11.1,-,,,,,2018,12
3,18.9,28.1,8.6,1016.7,58,0,1.9,3.5,9.4,-,,,,,2018,12
4,,,,,,,,,,,,,,,2018,12
5,,,,,,,,,,,,,,,2018,12
6,,,,,,,,,,,,,,,2018,12
7,17.5,25.1,8.8,1015.7,67,0,1.9,4.8,22.2,29.4,,,,,2018,12
8,16.5,24.2,7.6,1016.3,70,0,1.8,2.8,11.1,-,,,,,2018,12
9,17.4,25,8.2,1014.9,66,0,1.8,1.1,7.6,-,,,,,2018,12
10,,,,,,,,,,,,,,,2018,12
11,,,,,,,,,,,o,,,,2018,12
12,,,,,,,,,,,,,,,2018,12
13,16.4,21.6,11.2,-,77,1.02,2.6,3.9,7.6,-,,,,,2018,12
14,15.7,21.4,8,1022.8,74,0,1.9,5.9,14.8,-,,,,,2018,12
15,15.3,22,8.2,1022.3,78,0,1.9,5.6,13,-,,,,,2018,12
16,,,,,,,,,,,,,,,2018,12
17,,,,,,,,,,,,,,,2018,12
18,,,,,,,,,,,,,,,2018,12
19,14.8,22.3,5.2,1018.9,67,0,2.1,4.6,11.1,-,,,,,2018,12
20,12.3,22.4,4,1017.9,74,0,1.3,1.1,3.5,-,,,,,2018,12
21,11.3,22.3,4.7,1017.7,82,0,1.1,3,3.5,-,,,,,2018,12
22,,,,,,,,,,,,,,,2018,12
23,,,,,,,,,,,,,,,2018,12
24,,,,,,,,,,,,,,,2018,12
25,12.3,19.4,6.2,1016.8,80,0,1.3,6.7,25.9,-,,,,,2018,12
26,11.1,20.6,3.6,1015.7,76,0,1.3,3,9.4,-,,,,,2018,12
27,11.6,21.4,3.4,1017.1,76,0,1.1,2.4,5.4,-,,,,,2018,12
28,,,,,,,,,,,,,,,2018,12
29,,,,,,,,,,,,,,,2018,12
30,,,,,,,,,,,,,,,2018,12
31,12,22.9,3.8,1021.2,73,0,0.8,4.8,25.9,-,,,,o,2018,12
1,12.8,22.6,4,1020,75,0,1.3,2,9.4,-,,,,o,2019,1
2,13.8,23,6.5,1020.7,79,0,1.1,0.9,3.5,-,,,,,2019,1
3,13.5,23.4,6.7,1021.3,83,0,0.6,7.2,22.2,-,,,,o,2019,1
4,,,,,,,,,,,,,,o,2019,1
5,,,,,,,,,,,,,,o,2019,1
6,,,,,,,,,,,,,,,2019,1
7,13.2,20,7.1,1019.9,88,0,0.8,3.7,9.4,-,,,,o,2019,1
8,13.6,20.1,7,1017.5,85,0,0.8,6.9,14.8,-,,,,o,2019,1
9,13.5,20.4,8,1017.2,78,0,1.4,8.3,25.9,-,,,,,2019,1
10,,,,,,,,,,,,,,o,2019,1
11,,,,,,,,,,,,,,,2019,1
12,,,,,,,,,,,,,,o,2019,1
13,15.7,22.9,8.5,1019.6,82,0,1.3,3.1,3.5,-,,,,,2019,1
14,13.3,23.5,8,1019.3,69,0,2.3,11.3,27.8,-,,,,,2019,1
15,11.2,19.5,6,1018.7,80,0,1.6,7.2,14.8,-,,,,,2019,1
16,,,,,,,,,,,,,,o,2019,1
17,,,,,,,,,,,,,,o,2019,1
18,,,,,,,,,,,,,,o,2019,1
19,14.8,25.4,5.7,1017.1,79,0,1.3,2,9.4,-,,,,o,2019,1
20,17.5,28.2,7,1015.5,79,0,1.3,2.2,3.5,-,,,,o,2019,1
21,16.4,28.7,11.5,1012.8,87,3.05,1.4,14.3,31.7,-,o,,o,,2019,1
22,,,,,,,,,,,o,,o,,2019,1
23,,,,,,,,,,,,,,,2019,1
24,,,,,,,,,,,o,,,,2019,1
25,13.4,22,9.2,1020.2,87,6.1,1.8,4.1,7.6,-,,,,,2019,1
26,12.2,19,6,1022.9,75,0,2.1,5.7,14.8,-,,,,,2019,1
27,12.9,19.2,5.2,1022.9,73,0,1.9,16.3,38.9,70.6,,,,o,2019,1
28,,,,,,,,,,,,,,,2019,1
29,,,,,,,,,,,,,,,2019,1
30,,,,,,,,,,,,,,,2019,1
31,15.5,21,8.2,1017.6,78,0,1.9,8.3,18.3,33.5,,,,,2019,1
1,16.3,22,11,1018.9,82,0,1.4,7.6,18.3,-,o,,,o,2019,2
2,12.9,22.5,8.2,1018.8,92,0,0.8,10.2,22.2,-,,,,o,2019,2
3,13.8,20,9.4,1020.2,88,0,1.1,9.1,16.5,-,,,,o,2019,2
4,,,,,,,,,,,,,,o,2019,2
5,,,,,,,,,,,,,,,2019,2
6,,,,,,,,,,,,,,o,2019,2
7,16.5,25.1,13.2,1012.4,96,0,1.6,16.9,46.9,90,o,,o,,2019,2
8,14.9,20.4,7,1017.2,72,5.08,2.1,9.4,18.3,-,,,,,2019,2
9,14.8,20.6,8.4,1019.5,71,0,2.6,11.3,18.3,-,,,,,2019,2
10,,,,,,,,,,,,,,,2019,2
11,,,,,,,,,,,,,,,2019,2
12,,,,,,,,,,,,,,o,2019,2
13,19.3,25,11.4,1017.8,70,0,1.6,4.6,14.8,-,,,,o,2019,2
14,17.7,25.3,13.9,1015.2,88,1.02,1.4,11.3,33.5,-,o,,o,o,2019,2
15,17.6,23,11.8,1016.4,83,9.91,1.8,8.1,18.3,-,,,,,2019,2
16,,,,,,,,,,,,,,o,2019,2
17,,,,,,,,,,,,,,o,2019,2
18,,,,,,,,,,,o,,,,2019,2
19,18.7,25.8,12,1014.3,78,2.03,1.9,5,14.8,-,,,,o,2019,2
20,18.3,24.5,14.5,1017.4,86,2.03,1.9,5,9.4,-,o,,,o,2019,2
21,21.6,28,13.2,1015.9,72,0.76,2.9,9.4,16.5,-,,,,,2019,2
22,,,,,,,,,,,,,,,2019,2
23,,,,,,,,,,,,,,,2019,2
24,,,,,,,,,,,,,,,2019,2
25,16.2,23.8,9.2,1010.9,74,-,1.9,3.7,11.1,-,o,,,,2019,2
26,15.3,25.4,10.3,1011.2,80,0.25,1.9,5.6,14.8,-,o,,,,2019,2
27,14.3,21,9.5,1012.2,81,0,1.9,3.9,11.1,-,,,,,2019,2
28,,,,,,,,,,,,,,,2019,2
1,16.3,23.4,6.8,1015.7,66,0,1.9,4.4,14.8,-,,,,,2019,3
2,15.2,24.1,12.8,1016.3,91,0.51,1.1,5.4,14.8,-,o,,,,2019,3
3,17.1,22.4,12.8,1011.8,87,9.91,1.9,3.7,11.1,-,o,,,,2019,3
4,,,,,,,,,,,,,,,2019,3
5,,,,,,,,,,,,,,,2019,3
6,,,,,,,,,,,,,,o,2019,3
7,19.5,26,9,1012,55,0,2.7,5.7,16.5,-,,,,o,2019,3
8,20.4,26.5,10.8,1013.4,60,0,2.7,5,14.8,-,o,,,,2019,3
9,20.6,26.5,12.6,1014.1,59,0,3.4,7.8,14.8,-,,,,,2019,3
10,,,,,,,,,,,,,,,2019,3
11,,,,,,,,,,,o,,,,2019,3
12,,,,,,,,,,,,,,,2019,3
13,19.7,27.4,13.6,-,69,0,3.2,3.1,9.4,-,,,,,2019,3
14,18.6,25,11.8,1016.7,71,1.02,2.6,7.6,18.3,33.5,o,,,,2019,3
15,20.2,26,10.4,1017.7,64,0,2.7,6.9,11.1,-,,,,,2019,3
16,,,,,,,,,,,,,,,2019,3
17,,,,,,,,,,,,,,,2019,3
18,,,,,,,,,,,,,,,2019,3
19,24.1,31,12.8,1009.6,58,0,2.6,3.3,7.6,-,,,,,2019,3
20,26.9,34,15.5,1009.2,51,0,2.9,5,14.8,-,,,,,2019,3
21,25.6,34.1,16.6,1012.3,44,0,2.7,3.7,7.6,-,,,,,2019,3
22,,,,,,,,,,,,,,,2019,3
23,,,,,,,,,,,,,,,2019,3
24,,,,,,,,,,,,,,,2019,3
25,24.4,32.1,17.6,1012,55,0,3.5,8.9,14.8,-,,,,,2019,3
26,24.2,30.4,16.2,1013.7,57,0,3.2,10.7,24.1,-,,,,,2019,3
27,25.1,31.4,15,1013.3,53,0,3.5,10.7,25.9,-,,,,,2019,3
28,,,,,,,,,,,,,,,2019,3
29,,,,,,,,,,,,,,,2019,3
30,,,,,,,,,,,o,,o,,2019,3
31,28.8,39.2,21,1007.6,35,0.25,3.7,12.6,27.8,37,,,,,2019,3
1,27.7,34.3,17.6,1008.5,41,0,3.9,12.4,22.2,-,,,,,2019,4
2,27.6,35,16.2,1008.8,42,0,3.9,5,14.8,-,,,,,2019,4
3,29.2,37,17.6,1008.1,41,0,3.5,9.1,18.3,-,,,,,2019,4
4,,,,,,,,,,,,,,,2019,4
5,,,,,,,,,,,,,,,2019,4
6,,,,,,,,,,,,,,,2019,4
7,30.8,37.8,22.4,1006.2,57,6.1,1.8,10.7,35.2,-,,,,,2019,4
8,29.4,36,20.2,1006.5,52,0,2.6,5.9,18.3,29.4,,,,,2019,4
9,30.2,37,20.4,1005.5,48,0,3.2,4.6,11.1,-,,,,,2019,4
10,,,,,,,,,,,,,,,2019,4
11,,,,,,,,,,,,,,,2019,4
12,,,,,,,,,,,o,,o,,2019,4
13,31.4,38,21.6,1007.8,42,0.25,3.7,12.8,25.9,-,,,,,2019,4
14,32.2,38,21.8,1006.8,40,0,4.5,9.8,14.8,-,,,,,2019,4
15,33.6,40,25.5,1006,36,0,3.7,9.4,18.3,-,,,,,2019,4
16,,,,,,,,,,,o,,,,2019,4
17,,,,,,,,,,,o,,,,2019,4
18,,,,,,,,,,,,,,,2019,4
19,27.5,32,18.2,1007.9,50,0,3.7,9.4,14.8,-,,,,,2019,4
20,29.2,35,19.8,1005.2,46,0,3.4,5.7,14.8,-,,,,,2019,4
21,31.1,37.2,20.6,1004,41,0,3.5,9.3,20.6,-,,,,,2019,4
22,,,,,,,,,,,,,,,2019,4
23,,,,,,,,,,,,,,,2019,4
24,-,-,-,-,-,-,-,-,-,-,-,-,-,-,2019,4
25,-,-,-,-,-,-,-,-,-,-,-,-,-,-,2019,4
26,,,,,,,,,,,,,,,2019,4
27,-,-,-,-,-,-,-,-,-,-,-,-,-,-,2019,4
28,34.8,41,25.4,1003.3,26,0,2.9,11.7,22.2,33.5,,,,,2019,4
29,34.8,42,23.4,1001.8,30,0,3.1,8.7,18.3,-,,,,,2019,4
30,-,-,-,-,-,-,-,-,-,-,-,-,-,-,2019,4
1,34.4,43.7,24.4,999.7,39,0,2.6,5.4,13,-,,,,,2019,5
2,33.5,41.3,25.8,1002.9,45,0,2.7,11.9,25.9,44.6,,,,,2019,5
3,32.6,41,24,-,46,0,3.2,7.6,55.4,-,,,,,2019,5
4,,,,,,,,,,,,,,,2019,5
5,,,,,,,,,,,,,,,2019,5
6,,,,,,,,,,,,,,,2019,5
7,33.5,41.2,21.8,1001.9,40,0,2.6,10.7,25.9,37,,,,,2019,5
8,35.3,42,23.6,1001.2,38,0,2.7,11.5,24.1,33.5,,,,,2019,5
9,36.1,42,26.4,1000.6,38,0,2.6,13.7,25.9,33.5,,,,,2019,5
10,,,,,,,,,,,,,,,2019,5
11,,,,,,,,,,,,,,,2019,5
12,,,,,,,,,,,,,,,2019,5
13,33.3,40,25.4,1003.9,52,0,1.9,8.9,31.7,40.7,,,,,2019,5
14,30.8,40.2,20.8,1003.9,60,3.05,3.1,5.6,14.8,-,,,,,2019,5
15,29.4,36,23,1004.5,72,0,2.3,8,18.3,-,o,,o,,2019,5
16,-,-,-,-,-,-,-,-,-,-,-,-,-,-,2019,5
17,-,-,-,-,-,-,-,-,-,-,-,-,-,-,2019,5
18,-,-,-,-,-,-,-,-,-,-,-,-,-,-,2019,5
19,-,-,-,-,-,-,-,-,-,-,-,-,-,-,2019,5
20,,,,,,,,,,,,,,,2019,5
21,,,,,,,,,,,,,,,2019,5
22,,,,,,,,,,,,,,,2019,5
23,33.7,40,25,1002.4,45,4.06,2.6,8,27.8,46.5,o,,o,,2019,5
24,29.8,40.4,23.8,1003.8,60,0,3.2,11.1,25.9,-,,,,,2019,5
25,32.5,37,24.5,1002.6,41,0,3.7,11.5,25.9,-,,,,,2019,5
26,,,,,,,,,,,,,,,2019,5
27,,,,,,,,,,,,,,,2019,5
28,,,,,,,,,,,,,,,2019,5
29,36.6,43,24.6,998.9,30,0,4,9.1,18.3,-,,,,,2019,5
30,38.2,45,26.8,-,26,0,3.4,9.1,22.2,-,,,,,2019,5
31,38.7,45,28.4,-,27,0,3.1,7.6,13,-,,,,,2019,5
1,37.6,44.8,27.6,998.3,40,0,3.1,7.8,13,-,,,,,2019,6
2,37.3,43.5,30.8,998.4,44,0,2.7,9.4,18.3,-,,,,,2019,6
3,35.9,42.5,29.4,998.8,47,0,2.7,11.9,18.3,-,,,,,2019,6
4,,,,,,,,,,,,,,,2019,6
5,,,,,,,,,,,,,,,2019,6
6,,,,,,,,,,,,,,,2019,6
7,35,43.9,26.4,1001.9,46,0,3.4,7,11.1,-,,,,,2019,6
8,37.9,43,28,1000.5,36,0,3.1,6.7,16.5,-,,,,,2019,6
9,37.4,44,27.2,996.8,34,0,2.7,5.6,18.3,-,,,,,2019,6
10,,,,,,,,,,,,,,,2019,6
11,,,,,,,,,,,,,,,2019,6
12,,,,,,,,,,,,,,,2019,6
13,37,41.6,29,997.8,38,0,3.2,9.8,18.3,-,,,,,2019,6
14,37.6,44,29.2,997.1,29,0,3.4,11.3,24.1,-,,,,,2019,6
15,37.9,43.7,27.8,997.7,28,0,2.9,14.4,37,-,,,,,2019,6
16,,,,,,,,,,,o,,,,2019,6
17,,,,,,,,,,,o,,o,,2019,6
18,,,,,,,,,,,o,,o,,2019,6
19,32.2,37,24.2,1000.3,53,0,2.9,6.1,11.1,-,,,,,2019,6
20,33.5,39,25.4,1000.9,50,0,3.5,6.7,13,-,,,,,2019,6
21,35.1,39,28.2,1000.1,50,0,3.1,5.7,14.8,-,,,,,2019,6
22,,,,,,,,,,,,,,,2019,6
23,,,,,,,,,,,,,,,2019,6
24,,,,,,,,,,,,,,,2019,6
25,34.2,39,27.8,-,60,0,3.1,5.2,11.1,-,,,,,2019,6
26,35.8,41,29.6,997.5,52,0,2.7,6.7,18.3,-,,,,,2019,6
27,35.3,41.1,28.6,996.1,49,0,2.4,8,18.3,27.8,,,,,2019,6
28,,,,,,,,,,,,,,,2019,6
29,,,,,,,,,,,,,,,2019,6
30,,,,,,,,,,,,,,,2019,6
1,36.8,42.2,30.6,996.3,45,0,3.1,7.6,14.8,-,,,,,2019,7
2,34.9,41.6,30,996.8,53,0,2.6,6.5,11.1,-,,,,,2019,7
3,34.9,38.4,30.6,997.5,58,0,1.9,8.1,11.1,-,,,,,2019,7
4,,,,,,,,,,,o,,o,,2019,7
5,,,,,,,,,,,o,,,,2019,7
6,,,,,,,,,,,,,,,2019,7
7,32.1,37,27.6,-,71,0,2.9,7.8,33.5,-,o,,,,2019,7
8,33.7,37,28.6,994.1,65,0,2.7,6.7,14.8,-,,,,,2019,7
9,31.6,36.7,28.8,995,70,0.51,2.7,9.6,18.3,-,o,,,,2019,7
10,,,,,,,,,,,,,,,2019,7
11,,,,,,,,,,,,,,,2019,7
12,,,,,,,,,,,,,,,2019,7
13,35.6,40,31.2,996.7,53,0,2.6,13.7,27.8,37,,,,,2019,7
14,34.3,39.6,28.4,995.8,58,0,2.7,11.3,20.6,33.5,,,,,2019,7
15,29.1,37.7,24,997.1,79,28.96,2.4,7.6,27.8,46.5,o,,o,,2019,7
16,,,,,,,,,,,o,,,,2019,7
17,,,,,,,,,,,o,,o,,2019,7
18,,,,,,,,,,,o,,o,,2019,7
19,31.9,36,25,1000.9,69,4.06,2.7,5.4,9.4,-,,,,,2019,7
20,30.7,37,26,1001,77,0,2.4,5.2,27.8,-,o,,o,,2019,7
21,30.6,36.7,25.6,1000.6,78,8.89,2.7,6.3,14.8,-,o,,o,,2019,7
22,,,,,,,,,,,o,,o,,2019,7
23,,,,,,,,,,,,,,,2019,7
24,,,,,,,,,,,o,,o,,2019,7
25,28.7,37.8,25,998.2,81,21.08,2.4,7.2,16.5,-,,,,,2019,7
26,28.6,32,26.2,996.7,86,0.51,2.1,7.6,14.8,-,o,,,,2019,7
27,28.7,32.5,25.4,997.6,88,10.92,1.9,8.9,16.5,-,o,,,,2019,7
28,,,,,,,,,,,o,,,,2019,7
29,,,,,,,,,,,,,,,2019,7
30,,,,,,,,,,,,,,,2019,7
31,31.9,35.1,27.8,999.5,73,0,3.2,6.7,13,-,,,,,2019,7
1,32.9,37,27.8,998.5,68,0,3.2,7.8,13,-,,,,,2019,8
2,30.9,36.9,28,998.2,76,0,2.6,6.9,18.3,-,,,,,2019,8
3,30.1,34.6,27.4,997.9,81,0.51,2.1,7.6,18.3,-,o,,,,2019,8
4,,,,,,,,,,,o,,o,,2019,8
5,,,,,,,,,,,,,,,2019,8
6,,,,,,,,,,,o,,o,,2019,8
7,30.9,35,25.6,995.1,77,22.1,2.4,7.2,14.8,-,,,,,2019,8
8,33.5,38,27.5,-,69,0,3.7,8.7,18.3,-,,,,,2019,8
9,31.5,37.9,28.4,997.4,73,1.02,3.4,15.4,27.8,-,o,,,,2019,8
10,,,,,,,,,,,o,,,,2019,8
11,,,,,,,,,,,,,,,2019,8
12,,,,,,,,,,,o,,,,2019,8
13,30.4,35,26.6,1000.9,81,2.03,2.9,8.5,18.3,-,o,,o,,2019,8
14,30.5,35.5,25.6,1000.7,83,10.92,2.3,4.3,9.4,-,o,,,,2019,8
15,30.6,35,24.8,1000.5,78,10.92,2.9,10,24.1,29.4,o,,o,,2019,8
16,,,,,,,,,,,o,,,,2019,8
17,,,,,,,,,,,o,,,,2019,8
18,,,,,,,,,,,o,,,,2019,8
19,30.7,34,23.6,1003.7,70,2.03,2.7,6.1,14.8,-,,,,,2019,8
20,31.4,35,25.6,1002.5,70,0,2.6,8.3,16.5,-,,,,,2019,8
21,32,36,24.8,1002.1,69,0,2.9,8.1,18.3,-,,,,,2019,8
22,,,,,,,,,,,o,,o,,2019,8
23,,,,,,,,,,,o,,,,2019,8
24,,,,,,,,,,,,,,,2019,8
25,29.3,34,26.4,1003.3,81,0.25,2.1,6.7,14.8,-,o,,,,2019,8
26,31.9,35,25.7,-,71,3.05,2.9,9.1,18.3,-,,,,,2019,8
27,32.9,36.4,27.4,1001.5,67,0,3.1,5.4,13,-,,,,,2019,8
28,,,,,,,,,,,,,,,2019,8
29,,,,,,,,,,,,,,,2019,8
30,,,,,,,,,,,,,,,2019,8
31,33,36.7,29.2,998.8,68,0.76,2.6,5.9,11.1,-,o,,,,2019,8
1,29.9,37,26.4,1001.5,76,0.51,2.6,8,18.3,-,o,,,,2019,9
2,32.7,36.4,27.1,1000.8,69,0,2.7,4.3,11.1,-,,,,,2019,9
3,33.1,36.6,27.8,-,67,0,2.3,5.7,11.1,-,,,,,2019,9
4,,,,,,,,,,,,,,,2019,9
5,,,,,,,,,,,,,,,2019,9
6,,,,,,,,,,,,,,,2019,9
7,29.9,37.2,27.2,1000.1,83,46.99,1.9,5.9,11.1,-,,,,,2019,9
8,31.9,35.5,26.4,1001,74,46.99,2.1,3.9,9.4,-,,,,,2019,9
9,32.2,36,28.3,999.5,70,0,1.9,3.9,11.1,-,,,,,2019,9
10,,,,,,,,,,,,,,,2019,9
11,,,,,,,,,,,,,,,2019,9
12,,,,,,,,,,,,,,,2019,9
13,32.9,37.1,27.8,-,69,0,2.7,6.5,9.4,-,,,,,2019,9
14,32,35,28.8,1004.5,70,0,2.9,8.3,14.8,-,,,,,2019,9
15,30.7,35.2,27.3,1003.8,78,2.03,2.3,5.4,10.7,-,o,,,,2019,9
16,,,,,,,,,,,,,,,2019,9
17,,,,,,,,,,,,,,,2019,9
18,,,,,,,,,,,,,,,2019,9
19,29.1,35.1,25.1,1009.5,75,0,2.7,7.8,14.8,-,,,,,2019,9
20,30.8,35,24.9,1007.5,68,0,3.1,6.7,13,-,,,,,2019,9
21,28,35.3,24,1007.2,81,23.11,2.3,5.4,14.8,-,o,,o,,2019,9
22,,,,,,,,,,,,,,,2019,9
23,,,,,,,,,,,,,,,2019,9
24,,,,,,,,,,,,,,,2019,9
25,30.2,35,24.5,1011.6,68,0,2.9,7.2,13,-,,,,,2019,9
26,29.7,35.1,25.8,-,73,0,3.4,8.7,16.5,-,,,,,2019,9
27,28.5,34,25.4,1010.3,76,0,3.1,9.1,14.8,-,,,,,2019,9
28,,,,,,,,,,,o,,,,2019,9
29,,,,,,,,,,,,,,,2019,9
30,,,,,,,,,,,o,,,,2019,9
1,28.7,33,23.8,1008.3,74,0,2.9,6.7,11.1,-,,,,,2019,10
2,29.2,33,23.4,-,68,0,3.1,4.3,9.4,-,,,,,2019,10
3,28.8,34.4,21.4,1010.9,68,-,2.4,5.2,14.8,-,o,,o,,2019,10
4,,,,,,,,,,,,,,,2019,10
5,,,,,,,,,,,,,,,2019,10
6,,,,,,,,,,,,,,,2019,10
7,27.7,32.9,22.4,1011.6,61,0,2.4,8.1,18.3,-,,,,,2019,10
8,27.2,32,20.2,1011.5,58,0,3.5,6.7,14.8,-,,,,,2019,10
9,27.5,34,20.3,1010.9,60,0,3.1,3.3,11.1,-,,,,,2019,10
10,,,,,,,,,,,,,,,2019,10
11,,,,,,,,,,,,,,,2019,10
12,,,,,,,,,,,,,,,2019,10
13,27.8,33.2,20.8,1012.2,61,0,2.3,3.3,9.4,-,,,,,2019,10
14,27.6,34,20.6,1012.6,63,0,2.3,3.7,9.4,-,,,,,2019,10
15,28.6,34,20.4,-,61,0,2.3,2.8,7.6,-,,,,,2019,10
16,,,,,,,,,,,,,,,2019,10
17,,,,,,,,,,,,,,,2019,10
18,,,,,,,,,,,,,,,2019,10
19,27.3,34.7,19.8,1014.6,60,0,2.3,3.7,7.6,-,,,,,2019,10
20,26,32.6,19,1014.2,54,0,2.3,5.6,14.8,-,,,,,2019,10
21,24.7,32.5,17.2,1011.8,58,0,2.3,7.2,18.3,-,,,,,2019,10
22,,,,,,,,,,,,,,,2019,10
23,,,,,,,,,,,,,,,2019,10
24,,,,,,,,,,,,,,,2019,10
25,25.2,32.1,18.2,1012.4,61,0,1.8,3.9,11.1,-,,,,,2019,10
26,24.9,30.9,17.6,1013.1,65,0,1.9,1.9,5.4,-,,,,,2019,10
27,25.1,31.4,17.4,1012.7,57,0,1.8,6.9,14.8,-,,,,,2019,10
28,,,,,,,,,,,,,,,2019,10
29,,,,,,,,,,,,,,,2019,10
30,,,,,,,,,,,,,,,2019,10
31,24.7,32,16.8,1011.8,63,0,1,3,9.4,-,,,,,2019,10
1,25.4,32,17.1,1011.9,66,0,0.6,1.7,5.4,-,,,,o,2019,11
2,24.5,31.7,18.8,1013.8,70,0,0.6,5,14.8,-,,,,o,2019,11
3,23.4,29.5,18.7,1014.6,74,0.25,0.6,7.8,14.8,-,,,,o,2019,11
4,,,,,,,,,,,,,,o,2019,11
5,,,,,,,,,,,,,,,2019,11
6,,,,,,,,,,,,,,,2019,11
7,20.6,32.3,17,1011,80,0.76,1,5.6,13,-,o,,,,2019,11
8,21.9,30,15.6,1013.7,72,0,1.4,3.3,11.1,-,,,,,2019,11
9,21.6,30.1,15.6,1013.9,63,0,1.6,5.4,11.1,-,,,,o,2019,11
10,,,,,,,,,,,,,,,2019,11
11,,,,,,,,,,,,,,o,2019,11
12,,,,,,,,,,,,,,o,2019,11
13,20.3,28.2,13.4,1016,71,0,0.6,0.9,3.5,-,,,,o,2019,11
14,20.2,28.3,15.4,1016.6,81,0,0.5,2.6,7.6,-,,,,,2019,11
15,21.2,27.6,16,1015.3,75,0,0.5,1.5,5.4,-,,,,o,2019,11
16,,,,,,,,,,,,,,,2019,11
17,,,,,,,,,,,,,,,2019,11
18,,,,,,,,,,,,,,,2019,11
19,19,26.8,12.3,1014.2,71,0,1.9,4.1,11.1,-,,,,,2019,11
20,19.1,28.2,11.4,1015.1,70,0,1.9,0.4,3.5,-,,,,,2019,11
21,19.3,28.9,12.5,1016.9,72,0,1.3,0.7,5.4,-,,,,,2019,11
22,,,,,,,,,,,,,,,2019,11
23,,,,,,,,,,,,,,,2019,11
24,,,,,,,,,,,,,,,2019,11
25,20,26.8,13.7,1016.2,74,0,1.4,1.1,5.4,-,,,,,2019,11
26,20.7,27.2,16.2,1015.5,70,0,1.9,4.3,9.4,-,,,,,2019,11
27,20.4,27.9,14.5,1015.5,76,0,1.4,5.6,9.4,-,,,,,2019,11
28,,,,,,,,,,,,,,,2019,11
29,,,,,,,,,,,,,,,2019,11
30,,,,,,,,,,,,,,,2019,11
1,15.7,23.2,9.4,1017.3,78,0,1.6,4.1,11.1,-,,,,,2019,12
2,15.4,23.4,8,1017.8,72,0,1.8,5.6,14.8,-,,,,,2019,12
3,15.4,24.3,9.1,1017.3,66,0,1.8,5.7,16.5,-,,,,,2019,12
4,,,,,,,,,,,,,,,2019,12
5,,,,,,,,,,,,,,,2019,12
6,,,,,,,,,,,,,,o,2019,12
7,15.1,24.2,9.3,1019.1,85,0,1.3,0.6,25.9,-,,,,,2019,12
8,15.3,24.8,8.7,1019,78,0,1,1.5,7.6,-,,,,o,2019,12
9,14.8,23.8,7.7,1018.3,76,0,1.1,1.9,7.6,-,,,,,2019,12
10,,,,,,,,,,,,,,,2019,12
11,,,,,,,,,,,,,,,2019,12
12,,,,,,,,,,,o,,o,,2019,12
13,15.2,21.5,12.4,1014.4,94,34.04,1,7.2,11.1,-,o,,,,2019,12
14,14.7,18.7,9.7,1020.3,88,0.51,1.4,3,5.4,-,,,,,2019,12
15,14.2,19.2,9.8,1020,87,0,1.3,6.5,11.1,-,,,,o,2019,12
16,,,,,,,,,,,,,,,2019,12
17,,,,,,,,,,,,,,,2019,12
18,,,,,,,,,,,,,,,2019,12
19,10.3,18,5.2,1018.8,94,0,0.3,3.1,7.6,-,,,,o,2019,12
20,12.1,17.4,6.4,1016.8,91,0,0.3,5.7,11.1,-,,,,o,2019,12
21,12.6,17.5,8.8,1017.9,90,0,0.6,5.7,9.4,-,,,,o,2019,12
22,,,,,,,,,,,,,,o,2019,12
23,,,,,,,,,,,,,,,2019,12
24,,,,,,,,,,,,,,o,2019,12
25,8.4,17.2,6,1019.4,93,0,0.8,8.1,11.1,-,,,,,2019,12
26,8.8,13,5.4,1018.6,85,0,0.6,4.6,7.6,-,,,,,2019,12
27,8.6,13.6,4.2,1019.6,83,0,0.6,3.3,7.6,-,,,,,2019,12
28,,,,,,,,,,,,,,,2019,12
29,,,,,,,,,,,,,,o,2019,12
30,,,,,,,,,,,,,,o,2019,12
31,8.1,14.7,4.8,1021,84,0,1,4.8,9.4,-,,,,,2019,12
1,10.8,20.2,2.4,1022.1,84,0,0.6,3.1,13,-,,,,o,2020,1
2,13.7,22,4.6,1020.9,80,0,0.8,2,7.6,-,,,,o,2020,1
3,14.4,23,7.6,1018.5,82,0,1.3,2,7.6,-,,,,,2020,1
4,,,,,,,,,,,,,,o,2020,1
5,,,,,,,,,,,,,,,2020,1
6,,,,,,,,,,,,,,,2020,1
7,15,19.1,11.6,1016.2,88,0,1.3,5.4,7.6,-,o,,,,2020,1
8,13.2,19,11,1015.3,99,6.1,0.6,5,7.6,-,o,,,,2020,1
9,10.4,14.6,7.8,1020.8,89,10.92,0.8,6.3,9.4,-,,,,,2020,1
10,,,,,,,,,,,,,,,2020,1
11,,,,,,,,,,,,,,,2020,1
12,,,,,,,,,,,,,,,2020,1
13,14.2,23.4,8,1012.5,85,0.76,1,7.8,13,-,,,,,2020,1
14,12.6,19.9,8.6,1016.3,89,0,1,4.3,9.4,-,,,,,2020,1
15,13.7,19.8,6.4,1016.3,80,0,1,4.4,9.4,-,,,,,2020,1
16,,,,,,,,,,,o,,o,,2020,1
17,,,,,,,,,,,o,,,o,2020,1
18,,,,,,,,,,,,,,o,2020,1
19,11,17.7,7,1019.8,87,0,1,9.8,16.5,-,,,,o,2020,1
20,11.9,16.7,8.3,1018.5,89,0,0.6,5.2,11.1,-,,,,o,2020,1
21,13.6,20,9.2,1019.7,87,0,0.6,3.5,9.4,-,,,,o,2020,1
22,,,,,,,,,,,,,,o,2020,1
23,,,,,,,,,,,,,,,2020,1
24,,,,,,,,,,,,,,,2020,1
25,11.6,21.1,4.8,1017.1,80,0,1.6,2.6,5.4,-,,,,,2020,1
26,14.7,22.6,6.9,1015,73,0,1.3,5.2,13,-,,,,,2020,1
27,15.5,22.7,8.5,1012.1,79,0,1,4.3,9.4,-,,,,,2020,1
28,,,,,,,,,,,o,,o,,2020,1
29,,,,,,,,,,,,,,,2020,1
30,,,,,,,,,,,,,,,2020,1
31,12.9,20.2,7.2,1016,77,0,1.6,6.7,13,-,,,,,2020,1
1,12.3,19.7,5.7,1019.6,82,0,1.4,3.3,13,-,,,,,2020,2
2,12.1,19.9,6,1020.3,83,0,1.1,5.7,13,-,,,,,2020,2
3,12.9,21.2,5.4,1018.5,74,0,2.1,4.4,13,-,,,,,2020,2
4,,,,,,,,,,,,,,,2020,2
5,,,,,,,,,,,,,,,2020,2
6,,,,,,,,,,,,,,,2020,2
7,12.7,20.4,6.1,1019.7,79,0,1.1,3.9,7.6,-,,,,,2020,2
8,13.7,20.8,7,1021.5,78,0,1.4,4.6,14.8,-,,,,,2020,2
9,13.9,22.2,6.6,1021.6,77,0,1.6,3.1,11.1,-,,,,o,2020,2
10,,,,,,,,,,,,,,o,2020,2
11,,,,,,,,,,,,,,,2020,2
12,,,,,,,,,,,,,,,2020,2
13,20,27.4,12.3,1015,67,0,1.8,12,18.3,-,,,,,2020,2
14,18.8,27.8,13.7,1012.8,63,0,1.8,13.9,18.3,-,,,,,2020,2
15,18.2,25.4,11.5,1013.5,61,0,1.9,14.1,18.3,-,,,,,2020,2
16,,,,,,,,,,,,,,,2020,2
17,,,,,,,,,,,,,,,2020,2
18,,,,,,,,,,,,,,,2020,2
19,19.1,26.9,8.1,1013.5,70,0,1.9,8.9,18.3,-,,,,,2020,2
20,21.8,27.2,13.6,1013,68,-,2.1,12.4,22.2,-,o,,o,,2020,2
21,16.8,27.5,14.2,1018.3,85,2.03,2.6,9.8,16.5,-,,,,,2020,2
22,,,,,,,,,,,,,,,2020,2
23,,,,,,,,,,,,,,,2020,2
24,,,,,,,,,,,,,,,2020,2
25,19.3,26.4,13,1013.6,79,0,1.4,3.1,9.4,-,,,,o,2020,2
26,20.3,27.2,12.7,1014.2,73,0,1.4,4.3,14.8,-,,,,,2020,2
27,20.7,27.4,13,1014.1,82,0,1.8,4.6,9.4,-,,,,,2020,2
28,,,,,,,,,,,,,,,2020,2
29,,,,,,,,,,,o,,o,,2020,2
1,21.9,27.6,14.4,1012.9,77,0,1.9,3.1,7.6,-,,,,,2020,3
2,21.2,27.8,14.6,1012.4,81,0,1.9,1.3,5.4,-,,,,,2020,3
3,21.1,28.6,14.3,1010.7,72,0,1.9,3.7,11.1,-,,,,,2020,3
4,,,,,,,,,,,o,,,,2020,3
5,,,,,,,,,,,o,,,,2020,3
6,,,,,,,,,,,o,,o,,2020,3
7,17.3,22.4,13,1015.1,91,20.07,1.9,3.9,9.4,-,,,,,2020,3
8,18,24.4,11.1,1015.8,79,99.06,1.9,5,11.1,-,,,,,2020,3
9,18.3,25,12.4,1013.1,72,0,2.7,8.5,18.3,-,,,,,2020,3
10,,,,,,,,,,,,,,,2020,3
11,,,,,,,,,,,o,,,,2020,3
12,,,,,,,,,,,,,,,2020,3
13,21.3,28,13.8,1014,63,0,2.6,5.6,9.4,-,,,,,2020,3
14,18.5,28.3,15.6,1014.8,88,0,1.9,4.8,9.4,-,o,o,o,,2020,3
15,18.8,25,12,1016.9,78,37.08,1.6,4.8,11.1,-,,,,,2020,3
16,,,,,,,,,,,,,,,2020,3
17,,,,,,,,,,,,,,,2020,3
18,,,,,,,,,,,,,,,2020,3
19,23.2,29.8,16,1010.7,73,0,2.1,4.1,9.4,-,,,,,2020,3
20,24.7,31.2,16.4,1009.5,72,0,1.9,3.7,7.6,-,,,,,2020,3
21,23.6,31.4,17.8,1010.7,72,0,2.6,3.1,7.6,-,,,,,2020,3
22,,,,,,,,,,,,,,,2020,3
23,,,,,,,,,,,,,,,2020,3
24,,,,,,,,,,,,,o,,2020,3
25,25.6,33,16.8,1010.9,70,0,3.1,5.6,14.8,-,,,,,2020,3
26,24.1,33.3,19,1012.2,75,0,1.9,8.7,18.3,-,,,,,2020,3
27,21.7,29.2,17.6,1014.3,80,1.02,2.6,7.4,14.8,-,o,,,,2020,3
28,,,,,,,,,,,,,,,2020,3
29,,,,,,,,,,,,,,,2020,3
30,,,,,,,,,,,,,,,2020,3
31,24.5,32.2,16,1010.1,54,0,2.6,6.3,9.4,-,,,,,2020,3
1,25.6,32.6,17.4,1009.9,56,0,2.3,6.3,9.4,-,,,,,2020,4
2,24.8,32.7,18.4,1011.8,53,0,3.7,8.3,16.5,-,,,,,2020,4
3,23.2,31,15.4,1011.7,51,0,3.1,7.2,14.8,-,,,,,2020,4
4,,,,,,,,,,,,,,,2020,4
5,,,,,,,,,,,,,,,2020,4
6,,,,,,,,,,,,,,,2020,4
7,26.7,35.8,17.6,1008.6,50,0,2.7,8.1,14.8,-,,,,,2020,4
8,25.8,34.2,19.8,1009.9,49,0,3.5,6.1,13,-,,,,,2020,4
9,24.6,33.5,13.5,1009.9,57,0,3.5,4.6,11.1,-,,,,,2020,4
10,,,,,,,,,,,,,,,2020,4
11,,,,,,,,,,,,,,,2020,4
12,,,,,,,,,,,,,,,2020,4
13,30.7,37.6,20.6,1007.2,49,0,3.5,6.7,14.8,-,,,,,2020,4
14,31.1,39.2,23.2,1007.5,55,0,2.7,2.2,7.6,-,,,,,2020,4
15,31.2,39.7,24,1006.6,40,0,2.7,5.6,14.8,-,,,,,2020,4
16,,,,,,,,,,,,,,,2020,4
17,,,,,,,,,,,,,,,2020,4
18,,,,,,,,,,,,,,,2020,4
19,27.3,37.3,19,1007,58,7.11,3.1,3.9,11.1,-,,,,,2020,4
20,26.4,35.2,20.2,1008.6,58,0,3.1,5.6,14.8,-,,,,,2020,4
21,27.2,34.2,19.2,1007.9,56,0,3.5,4.8,9.4,-,,,,,2020,4
22,,,,,,,,,,,,,,,2020,4
23,,,,,,,,,,,,,,,2020,4
24,,,,,,,,,,,,,,,2020,4
25,30.3,38.4,23.8,1004.7,55,0,4,5.6,11.1,-,,,,,2020,4
26,24.4,37.9,20.4,1008,76,0.51,2.3,9.6,18.3,-,,,o,,2020,4
27,27.1,33.2,18.9,1010.9,70,20.07,2.7,12.8,18.3,-,,,,,2020,4
28,,,,,,,,,,,,,,,2020,4
29,,,,,,,,,,,,,,,2020,4
30,,,,,,,,,,,,,,,2020,4
1,31.8,38.8,24.6,1004.6,64,0,3.1,8.1,11.1,-,,,,,2020,5
2,31.2,38.8,24.4,1005,65,0,2.7,10.9,14.8,-,,,,,2020,5
3,27.2,37.9,22.6,1006.7,81,11.94,1.9,8.7,14.8,-,o,,o,,2020,5
4,,,,,,,,,,,,,,,2020,5
5,,,,,,,,,,,,,,,2020,5
6,,,,,,,,,,,,,,,2020,5
7,29.4,36.6,21.6,1006.2,43,0,3.2,5.4,11.1,-,,,,,2020,5
8,32.2,39.2,23.7,1004.2,45,0,3.2,5.7,9.4,-,,,,,2020,5
9,33.5,40.4,26.2,1004.8,48,0,2.3,6.5,11.1,-,,,,,2020,5
10,,,,,,,,,,,,,,,2020,5
11,,,,,,,,,,,,,,,2020,5
12,,,,,,,,,,,,,,,2020,5
13,30.2,37.2,26.2,1005.7,57,0,1.9,6.3,11.1,-,,,,,2020,5
14,30.8,39.7,23.6,1004.7,55,0.51,2.7,7,11.1,-,,,,,2020,5
15,31.8,39.7,23.6,1003.9,41,0,3.1,7.4,16.5,-,,,,,2020,5
16,,,,,,,,,,,,,,,2020,5
17,,,,,,,,,,,,,,,2020,5
18,,,,,,,,,,,,,,,2020,5
19,32.3,40.7,22.1,1000.1,33,0,2.6,3.1,11.1,-,,,,,2020,5
20,32.7,40.7,22,999.6,29,0,3.5,7.2,11.1,-,,,,,2020,5
21,33.2,41.4,24.8,998.5,31,0,4,7.4,14.8,-,,,,,2020,5
22,,,,,,,,,,,,,,,2020,5
23,,,,,,,,,,,,,,,2020,5
24,,,,,,,,,,,,,,,2020,5
25,36,44.4,27.2,999.7,34,0,3.1,9.4,22.2,-,,,,,2020,5
26,37.6,45.6,28.2,998.2,30,0,3.5,10,18.3,-,,,,,2020,5
27,37.5,46,28.4,996.5,26,0,4,9.4,13,-,,,,,2020,5
28,,,,,,,,,,,o,,o,,2020,5
29,,,,,,,,,,,o,,o,,2020,5
30,,,,,,,,,,,,,,,2020,5
31,25.8,34.8,20,1006.9,78,8.89,2.6,6.7,14.8,-,o,,,,2020,5
1,29.4,35,21,1006.3,66,3.05,3.1,3,5.4,-,,,,,2020,6
2,30.9,36.4,24.8,1004.3,56,0,2.7,8.5,14.8,-,,,,,2020,6
3,30.5,36.9,24.9,1002.6,63,0.51,2.7,4.6,9.4,-,,,,,2020,6
4,,,,,,,,,,,,,,,2020,6
5,,,,,,,,,,,,,,,2020,6
6,,,,,,,,,,,,,,,2020,6
7,29.3,36.8,23.2,1001.1,71,1.02,1.9,7.4,13,-,o,,o,,2020,6
8,31.8,37.4,25.2,1000.4,63,6.1,1.9,5.2,18.3,-,,,,,2020,6
9,34.3,39.6,26.9,999.9,56,0,3.2,5.4,13,-,,,,,2020,6
10,,,,,,,,,,,o,,,,2020,6
11,,,,,,,,,,,,,,,2020,6
12,,,,,,,,,,,,,,,2020,6
13,32.6,41.5,28.8,998.5,68,0,1.9,5.9,9.4,-,,,,,2020,6
14,35,40,28,999,57,0,3.1,8.1,11.1,-,,,,,2020,6
15,35.7,41.2,28.6,996.8,54,0,3.7,8.3,11.1,-,,,,,2020,6
16,,,,,,,,,,,,,,,2020,6
17,,,,,,,,,,,,,,,2020,6
18,,,,,,,,,,,,,,,2020,6
19,36.6,42.5,29.8,997.8,53,0,3.2,9.4,11.1,-,,,,,2020,6
20,31.1,41.2,22.4,998.8,71,5.08,2.7,9.8,22.2,37,o,,,,2020,6
21,31.9,38.1,24.6,998.5,74,2.03,3.2,5.9,11.1,-,o,,,,2020,6
22,,,,,,,,,,,o,,,,2020,6
23,,,,,,,,,,,,,,,2020,6
24,,,,,,,,,,,o,,o,,2020,6
25,31.8,36.4,26.8,999.1,79,2.03,3.2,5.2,18.3,37,,,,,2020,6
26,32.9,37,27.2,998.1,71,0,3.7,9.4,18.3,37,,,,,2020,6
27,34.8,40,28.2,996.6,63,0,3.1,13.9,27.8,40.7,,,,,2020,6
28,,,,,,,,,,,,,,,2020,6
29,,,,,,,,,,,o,,o,,2020,6
30,,,,,,,,,,,,,,,2020,6
1,34.2,38,28.8,997.9,69,0,3.2,5.2,9.4,-,,,,,2020,7
2,36,40,30,995.7,64,0,2.6,7,11.1,-,,,,,2020,7
3,36.2,42,30.4,995.9,63,0,2.7,10.7,25.9,44.6,,,,,2020,7
4,,,,,,,,,,,,,,,2020,7
5,,,,,,,,,,,o,,,,2020,7
6,,,,,,,,,,,,,,,2020,7
7,30.9,36.2,26.4,1000.6,77,0.51,3.5,11.9,18.3,33.5,,,,,2020,7
8,31.6,36,26.9,1000.4,79,0,2.3,9.8,18.3,-,,,,,2020,7
9,33.1,38,27.4,996,68,0,3.1,7.8,11.1,-,,,,,2020,7
10,,,,,,,,,,,,,,,2020,7
11,,,,,,,,,,,,,,,2020,7
12,,,,,,,,,,,,,,,2020,7
13,32.4,37,26.2,997.2,64,0,3.5,8.1,11.1,-,,,,,2020,7
14,33.9,38.2,27.6,998.5,69,0,2.3,7.2,14.8,-,,,,,2020,7
15,32.7,38.5,28.8,999.2,73,0,1.9,8.3,14.8,-,,,,,2020,7
16,,,,,,,,,,,o,,,,2020,7
17,,,,,,,,,,,,,,,2020,7
18,,,,,,,,,,,,,,,2020,7
19,29.6,36.4,23.4,998.1,85,70.1,1.8,7,13,-,o,,o,,2020,7
20,28.8,35.2,24.8,997.5,81,2.03,2.7,5.2,7.6,-,o,,o,,2020,7
21,26.3,32.6,23.5,1000.9,93,2.03,2.1,6.7,22.2,-,o,,o,,2020,7
22,,,,,,,,,,,o,,o,,2020,7
23,,,,,,,,,,,,,,,2020,7
24,,,,,,,,,,,,,o,,2020,7
25,31.7,35.4,25.9,1004.8,80,1.02,2.6,5.2,9.4,-,,,,,2020,7
26,32.7,36,26.8,1003.2,74,0,3.2,6.1,16.5,-,o,,,,2020,7
27,34.1,38,28.2,1000.8,69,0.51,3.7,10.4,18.3,-,,,,,2020,7
28,,,,,,,,,,,,,,,2020,7
29,,,,,,,,,,,o,,,,2020,7
30,,,,,,,,,,,,,,,2020,7
31,31.5,34,27.3,1000.7,79,0.76,2.4,5.7,9.4,-,,,,,2020,7
1,30.7,36.2,26.8,1000.3,80,0,2.1,6.9,14.8,-,o,,,,2020,8
2,33,37,26.2,997.5,69,7.11,3.4,8.5,22.2,-,,,,,2020,8
3,33.5,37,28.4,993,70,0,3.5,11.1,18.3,-,,,,,2020,8
4,,,,,,,,,,,,,,,2020,8
5,,,,,,,,,,,o,,o,,2020,8
6,,,,,,,,,,,,,,,2020,8
7,33.1,37.5,27.6,1000.1,70,0.25,2.9,10.2,16.5,-,,,,,2020,8
8,33.9,37.4,28.1,997.4,69,0,3.2,5,9.4,-,,,,,2020,8
9,31.3,37.6,26.2,997.9,81,1.02,2.7,4.8,11.1,-,o,,o,,2020,8
10,,,,,,,,,,,o,,,,2020,8
11,,,,,,,,,,,o,,o,,2020,8
12,,,,,,,,,,,o,,o,,2020,8
13,26.8,29,25,996.6,97,68.07,1.9,5.9,13,-,o,,o,,2020,8
14,29.7,32,25.4,995.9,86,16,2.7,7.4,9.4,-,,,,,2020,8
15,31.7,35,26.4,996.7,79,0,2.9,6.9,13,-,,,,,2020,8
16,,,,,,,,,,,o,,,,2020,8
17,,,,,,,,,,,o,,o,,2020,8
18,,,,,,,,,,,o,,,,2020,8
19,26.6,35,25,998.9,98,7.87,1.9,6.9,18.3,-,o,,o,,2020,8
20,26.2,29,24.1,1001.2,97,55.12,2.1,5.4,11.1,-,o,,o,,2020,8
21,30.7,35,24.2,1002,76,7.87,3.7,7.8,14.8,-,,,,,2020,8
22,,,,,,,,,,,,,,,2020,8
23,,,,,,,,,,,,,,,2020,8
24,,,,,,,,,,,o,,,,2020,8
25,30,33,25.8,1003.1,78,0,3.2,6.3,14.8,-,,,,,2020,8
26,31.3,34,26.5,1004.2,71,0,3.4,8.1,14.8,-,,,,,2020,8
27,31.8,35,26.2,1002.4,67,0,3.7,8.7,13,-,,,,,2020,8
28,,,,,,,,,,,o,,o,,2020,8
29,,,,,,,,,,,,,,,2020,8
30,,,,,,,,,,,,,,,2020,8
31,29.4,33,25.5,1003.1,75,0.51,3.5,10.6,14.8,-,,,,,2020,8
1,30.9,35,24.8,1004.6,67,0,3.9,9.8,13,-,,,,,2020,9
2,31.3,35,25.3,1005.9,72,0,3.5,3.9,11.1,-,,,,,2020,9
3,32,35,27.5,1006.7,72,0,2.7,8.3,18.3,-,o,,,,2020,9
4,,,,,,,,,,,o,,,,2020,9
5,,,,,,,,,,,o,,o,,2020,9
6,,,,,,,,,,,,,,,2020,9
7,29.7,35.5,25.8,1003.2,80,0,2.9,3.3,18.3,-,o,,,,2020,9
8,31.3,35.2,25.1,1003.5,71,1.02,2.9,4.1,11.1,-,,,,,2020,9
9,31.5,35.4,26.1,1003.3,72,0,2.9,3.1,5.4,-,,,,,2020,9
10,,,,,,,,,,,,,,,2020,9
11,,,,,,,,,,,,,,,2020,9
12,,,,,,,,,,,,,,,2020,9
13,32.8,37.3,26.6,1003.6,67,0,2.7,2.4,11.1,-,,,,,2020,9
14,32.7,37,27.5,1002.8,70,0,2.9,2,7.6,-,,,,,2020,9
15,32.7,37.2,26,1002.6,66,0,2.9,3.9,9.4,-,,,,,2020,9
16,,,,,,,,,,,,,,,2020,9
17,,,,,,,,,,,,,,,2020,9
18,,,,,,,,,,,,,,,2020,9
19,33.3,38,28,1000.7,63,0,3.2,3.7,9.4,-,,,,,2020,9
20,32.9,37.3,26.6,1000.2,64,0,3.2,4.3,9.4,-,,,,,2020,9
21,32.9,37,26.6,999.6,66,0,2.7,3.5,9.4,-,,,,,2020,9
22,,,,,,,,,,,,,,,2020,9
23,,,,,,,,,,,,,,,2020,9
24,,,,,,,,,,,,,,,2020,9
25,32.1,37.2,25.4,1001.4,58,0,3.5,6.3,14.8,-,,,,,2020,9
26,30.3,37.4,24.3,1002.7,62,0,3.2,8.5,18.3,33.5,,,,,2020,9
27,31.1,36,23.2,1005.4,56,0,4,6.1,16.5,-,,,,,2020,9
28,,,,,,,,,,,,,,,2020,9
29,,,,,,,,,,,,,,,2020,9
30,,,,,,,,,,,,,,,2020,9
1,30.5,37,21.9,1004,53,0,3.2,8.5,16.5,-,,,,,2020,10
2,29.9,36.7,20.6,1004.9,58,0,3.4,4.8,16.5,-,,,,,2020,10
3,29.5,36.4,20.3,1006.3,54,0,3.5,4.8,7.6,-,,,,,2020,10
4,,,,,,,,,,,,,,,2020,10
5,,,,,,,,,,,,,,,2020,10
6,,,,,,,,,,,,,,,2020,10
7,29.3,36.4,18.6,1009.1,56,0,3.4,4.3,16.5,-,,,,,2020,10
8,28.9,36,19.1,1008.9,58,0,2.9,4.3,9.4,-,,,,,2020,10
9,28.9,35.6,19.2,1009,58,0,2.7,2,7.6,-,,,,,2020,10
10,,,,,,,,,,,,,,,2020,10
11,,,,,,,,,,,,,,,2020,10
12,,,,,,,,,,,,,,,2020,10
13,29.3,35.4,19.8,1005.6,66,0,2.3,1.3,7.6,-,,,,,2020,10
14,30,35.4,23.7,1007.3,65,0,1.9,1.1,5.4,-,,,,,2020,10
15,28.1,35,20.2,1007.5,54,0,2.9,1.3,7.6,-,,,,,2020,10
16,,,,,,,,,,,,,,,2020,10
17,,,,,,,,,,,,,,,2020,10
18,,,,,,,,,,,,,,,2020,10
19,25.4,34.7,16,1007.1,52,0,2.4,3.3,13,-,,,,,2020,10
20,25.7,34,13.7,1008.4,49,0,2.9,3,9.4,-,,,,,2020,10
21,26.6,35,14.3,1008.1,48,0,2.9,2.6,9.4,-,,,,,2020,10
22,,,,,,,,,,,,,,,2020,10
23,,,,,,,,,,,,,,,2020,10
24,,,,,,,,,,,,,,,2020,10
25,25.8,33.2,13.8,1011,60,0,2.3,0.2,3.5,-,,,,,2020,10
26,24.9,33.9,15,1011.6,57,0,1.8,2.4,9.4,-,,,,,2020,10
27,24.2,32.8,14.4,1012.1,54,0,1.8,5,16.5,-,,,,,2020,10
28,,,,,,,,,,,,,,,2020,10
29,,,,,,,,,,,,,,,2020,10
30,,,,,,,,,,,,,,,2020,10
31,23.3,31.4,13,1013.3,53,0,1.8,7.6,16.5,-,,,,,2020,10
1,22.1,31,11.4,1013.8,52,0,1.6,8.1,16.5,-,,,,,2020,11
2,19.1,30.6,10.8,1014,61,0,2.1,4.8,13,-,,,,,2020,11
3,19.7,30.2,10,1013.8,62,0,1.9,2.6,11.1,-,,,,,2020,11
4,,,,,,,,,,,,,,,2020,11
5,,,,,,,,,,,,,,,2020,11
6,,,,,,,,,,,,,,,2020,11
7,19.4,30.9,11.8,1017.8,70,0,0.5,2.2,14.8,-,,,,o,2020,11
8,18.4,30,11.2,1018.2,74,0,0.5,0.9,3.5,-,,,,o,2020,11
9,18.7,29.6,10,1016.3,75,0,0.3,2,5.4,-,,,,o,2020,11
10,,,,,,,,,,,,,,o,2020,11
11,,,,,,,,,,,,,,,2020,11
12,,,,,,,,,,,,,,,2020,11
13,21.7,30,12.3,1016.7,62,0,1.9,2.2,9.4,-,,,,,2020,11
14,20.7,29.7,10.7,1014.8,70,0,0.6,1.5,3.5,-,,,,o,2020,11
15,21.4,29,11.4,1014.5,66,0.51,1,6.9,11.1,-,o,,o,o,2020,11
16,,,,,,,,,,,,,,,2020,11
17,,,,,,,,,,,,,,,2020,11
18,,,,,,,,,,,,,,,2020,11
19,17.6,25.4,9.4,1014.2,68,0,1.8,2.2,9.4,-,,,,,2020,11
20,16.6,25.6,7.5,1015.4,68,0,1.8,5,14.8,-,,,,,2020,11
21,15.6,25.4,8.5,1016,68,0,1.9,4.6,11.1,-,,,,,2020,11
22,,,,,,,,,,,,,,,2020,11
23,,,,,,,,,,,,,,,2020,11
24,,,,,,,,,,,,,,,2020,11
25,17.5,25.3,10.4,1016.7,78,0,0.5,3.3,5.4,-,,,,,2020,11
26,18.6,25,10.4,1019.2,72,0,1.6,4.8,9.4,-,,,,,2020,11
27,18.4,26.8,10.2,1020.5,69,0,2.1,5.9,14.8,-,,,,,2020,11
28,,,,,,,,,,,,,,,2020,11
29,,,,,,,,,,,,,,,2020,11
30,,,,,,,,,,,,,,,2020,11
1,17.1,26.8,8.1,1017.4,74,0,1,1.3,7.6,-,,,,,2020,12
2,16.7,27.2,8.2,1014.8,77,0,1.4,3.1,9.4,-,,,,,2020,12
3,16.7,27,8.2,1014.4,78,0,1,2.6,7.6,-,,,,,2020,12
4,,,,,,,,,,,,,,,2020,12
5,,,,,,,,,,,,,,,2020,12
6,,,,,,,,,,,,,,,2020,12
7,18.3,28.2,12,1016.9,84,0,0.5,3.1,9.4,-,,,,,2020,12
8,17.7,27.2,9.5,1016.9,78,0,1,0.9,3.5,-,,,,o,2020,12
9,18.2,28.6,9.6,1014.7,74,0,1.4,1.1,9.4,-,,,,,2020,12
10,,,,,,,,,,,,,,,2020,12
11,,,,,,,,,,,,,,,2020,12
12,,,,,,,,,,,,,,o,2020,12
13,14.4,21.8,10,1015.8,83,0,1.3,5,11.1,-,,,,o,2020,12
14,10.6,20.6,8,1018.3,87,0,1.3,2.6,7.6,-,,,,,2020,12
15,10.9,19.4,4.1,1020,85,0,1.1,4.4,9.4,-,,,,,2020,12
16,,,,,,,,,,,,,,,2020,12
17,,,,,,,,,,,,,,,2020,12
18,,,,,,,,,,,,,,,2020,12
19,14.1,22,3.9,1019.4,59,0,1.8,8.7,16.5,-,,,,,2020,12
20,12.9,21.8,3.4,1019.5,70,0,1.3,5.4,14.8,-,,,,,2020,12
21,13.9,23.2,5.5,1017.2,69,0,1,4.1,13,-,,,,,2020,12
22,,,,,,,,,,,,,,,2020,12
23,,,,,,,,,,,,,,o,2020,12
24,,,,,,,,,,,,,,o,2020,12
25,13,23.1,4.6,1017,74,0,1.1,3.5,9.4,-,,,,o,2020,12
26,13.3,22.4,4.4,1016.5,72,0,1.1,5.2,9.4,-,,,,,2020,12
27,15,21.9,6,1013.5,68,0,1,5.4,11.1,-,,,,o,2020,12
28,,,,,,,,,,,,,,,2020,12
29,,,,,,,,,,,,,,,2020,12
30,,,,,,,,,,,,,,,2020,12
31,10.7,17,3.3,1018.7,82,0,0.5,4.8,9.4,-,,,,o,2020,12
